Component_ID,Flight_Hours,Temperature,Vibration,Component_Age,Maintenance_Cost,Failure
C1,753,112,0.9470530469665195,15,39806,0
C2,4598,110,0.3774655825159151,18,15998,1
C3,4706,76,0.6448521710631352,23,44466,0
C4,2018,97,0.19340894275505477,52,1420,0
C5,865,67,0.7548895864801454,59,20114,1
C6,931,109,0.8125797343919209,16,27330,0
C7,733,83,0.8826380070342812,35,36150,0
C8,4952,66,0.561936653803255,59,15593,0
C9,4356,98,0.6298383654771901,38,14235,1
C10,4407,80,0.6858101819971332,11,20629,0
C11,4699,68,0.26793155464183926,40,38044,0
C12,604,90,0.3550968878455555,25,42719,0
C13,3021,92,0.7187859312666645,14,17270,1
C14,3792,88,0.9862682930119437,30,8061,0
C15,4610,111,0.8784672565152035,40,10595,1
C16,987,77,0.3546033025231723,34,15820,0
C17,601,112,0.6202409506462261,56,28779,0
C18,1038,68,0.2680636812966324,41,13045,0
C19,2293,77,0.6084388003377844,52,31761,0
C20,2057,61,0.723077195588199,58,16195,1
C21,814,113,0.1452282732638438,36,20412,0
C22,1588,86,0.9063857978779412,40,21415,1
C23,3435,100,0.5275127049572744,35,38480,1
C24,2003,100,0.7314905399439136,15,22013,1
C25,4843,88,0.9974644715480504,36,20001,0
C26,2032,76,0.8279230005380314,21,22349,0
C27,1781,98,0.5956282378264955,19,28581,0
C28,3834,83,0.5016312602538862,6,33101,1
C29,4938,102,0.8479049874886871,18,47859,1
C30,2878,113,0.6667261163421458,26,31057,1
C31,1582,97,0.18147230789555474,39,6383,0
C32,527,118,0.5298230817165392,8,35242,0
C33,3726,106,0.6371476684888465,38,24064,1
C34,651,91,0.5561082063278371,20,48210,0
C35,1079,94,0.8705276939888291,18,29695,0
C36,3592,99,0.708265066344576,59,18862,1
C37,2449,88,0.4696577854462948,14,11330,0
C38,4633,77,0.6029887847197123,19,6249,0
C39,998,67,0.32838059126882846,54,39626,1
C40,2902,110,0.6191626466355745,13,32873,0
C41,1637,99,0.18027978056101618,17,19427,0
C42,711,65,0.7824593927559559,26,15543,0
C43,825,114,0.8173491063816095,24,7625,0
C44,1932,60,0.27618993273609166,56,2505,0
C45,3364,79,0.841974024940755,31,18383,0
C46,524,67,0.3637251483939269,50,46309,0
C47,1070,106,0.7191365948263464,19,23256,1
C48,2190,98,0.9810225969280363,52,19203,1
C49,4080,78,0.33302884702689906,49,2986,0
C50,1816,84,0.8715103277672779,52,29103,1
C51,838,99,0.926439567151082,36,9881,0
C52,915,63,0.3734314557274012,52,10319,0
C53,722,67,0.18090694679150365,20,1563,0
C54,1904,113,0.7131844798844779,34,31703,0
C55,878,99,0.40734531952380837,38,35080,0
C56,2654,74,0.12791036671359687,32,15774,0
C57,4842,112,0.7178135285700644,32,27942,1
C58,1790,116,0.24888760929433568,12,37390,0
C59,4157,74,0.7435323185176071,43,22503,1
C60,1087,83,0.6891529758677396,9,45491,0
C61,3960,73,0.4557580788692135,8,38966,0
C62,2064,108,0.5791056170365916,27,18721,0
C63,1095,83,0.33680025106776607,52,48205,0
C64,584,88,0.848091628516011,8,49575,0
C65,2405,77,0.24697902913166186,40,15268,0
C66,4826,63,0.30157694238326405,29,42808,0
C67,644,82,0.3687520192082705,45,33883,1
C68,3872,77,0.16121393923391789,15,5353,0
C69,1166,111,0.828181270326719,19,28618,0
C70,2408,66,0.7194012334239729,51,40392,1
C71,4032,63,0.2000796236196333,23,27481,1
C72,1943,116,0.20071661161682403,26,12991,0
C73,1747,96,0.2656491246848881,55,21143,0
C74,3702,60,0.30335044575264397,57,34568,0
C75,3973,95,0.5460572954994845,35,39577,1
C76,3170,112,0.32032056716116464,38,4447,1
C77,732,108,0.9236848464313031,23,17945,0
C78,1577,106,0.4887185987731747,13,36228,0
C79,4978,65,0.9319458522600088,42,39118,1
C80,4245,101,0.1537778623141479,46,39152,1
C81,1368,89,0.43494103498047443,25,6668,1
C82,2471,86,0.737373629035521,12,14201,0
C83,1250,72,0.19180083023364952,37,32360,1
C84,884,76,0.5566070866660896,19,38875,0
C85,4615,89,0.6856760005581221,19,16168,0
C86,771,72,0.43332977588911026,43,34736,0
C87,3320,111,0.994333474262032,40,40433,1
C88,4457,63,0.3502464633448733,37,2661,0
C89,2030,110,0.21625418053410167,43,3101,0
C90,3102,96,0.3419419647252173,44,29287,1
C91,620,114,0.8139032466620872,27,32127,0
C92,4423,116,0.5955217855401531,21,44924,1
C93,2018,64,0.36743553087651726,48,41744,0
C94,2595,73,0.6259289550674353,48,12024,0
C95,2250,85,0.6925250025437195,40,12812,0
C96,3010,97,0.4625889235518036,10,49936,1
C97,4083,115,0.708454447324256,42,13787,1
C98,1324,60,0.1396450003639508,50,8603,0
C99,699,103,0.580749176208695,33,3475,0
C100,4191,117,0.8134796547656457,33,27672,1
C101,4886,87,0.9492086230955461,50,16262,1
C102,3010,113,0.6372032210245159,8,44650,1
C103,4887,113,0.1382719043691469,40,36009,1
C104,4108,76,0.6544375295173567,30,2871,0
C105,1112,108,0.22229139448562846,27,36505,0
C106,2538,70,0.7214212833108888,35,7520,0
C107,1907,111,0.310049113186472,49,34578,0
C108,3864,99,0.6443215522829266,29,19062,1
C109,986,96,0.9193362153835455,31,35323,0
C110,503,65,0.5355004592588365,37,27677,0
C111,3268,117,0.1902875216682106,32,21211,0
C112,2437,76,0.7025989945366086,45,32456,1
C113,1880,119,0.6116066227526736,40,36313,0
C114,4240,85,0.12670049233885805,30,10736,0
C115,2304,75,0.7073420558829396,39,22470,0
C116,4983,82,0.10269076934934447,11,19606,0
C117,1407,90,0.9126629789360383,18,3537,0
C118,3112,97,0.9328021501102485,45,7269,1
C119,4988,103,0.49591050531143477,58,37178,1
C120,3049,93,0.4738090905702881,18,24441,0
C121,4677,119,0.9708519994969718,31,20343,1
C122,1486,94,0.6972235664709261,49,11545,0
C123,3204,92,0.2485115222374478,28,9791,1
C124,1602,105,0.9946488266376259,14,42369,0
C125,2602,69,0.7460611483162456,7,47940,0
C126,2610,92,0.7476512098743102,44,7571,1
C127,4548,114,0.6263116691311776,35,2210,1
C128,637,100,0.23138778959422254,24,18323,1
C129,660,62,0.4686984768922656,54,46239,0
C130,4753,106,0.5362255827392504,13,24652,1
C131,2029,97,0.7679052746115731,52,42254,1
C132,3781,111,0.9675950569423268,13,16713,1
C133,513,113,0.761039994471541,28,37604,0
C134,1530,114,0.2697306281046581,44,8200,0
C135,1131,84,0.935731956611122,36,46702,0
C136,4386,100,0.2662870722543358,14,35490,1
C137,2757,80,0.7212168974277902,58,31487,1
C138,4934,112,0.23777836668978858,23,33415,1
C139,3143,114,0.2842325643070318,36,11888,1
C140,4399,90,0.1879878820338695,30,37907,0
C141,2520,112,0.17008137216022443,51,23372,0
C142,4930,60,0.821863410442767,33,8649,0
C143,2128,85,0.8121432489136843,9,18707,0
C144,1540,75,0.8401748492021653,48,1875,1
C145,1997,78,0.3918570182900254,45,45158,0
C146,4521,112,0.37394554392355206,55,10927,1
C147,1721,91,0.5971552642808666,50,35105,0
C148,3778,96,0.5214525053150075,29,49311,1
C149,996,95,0.4036759667634632,35,29354,0
C150,1014,96,0.1707691190956942,26,40874,0
C151,4083,110,0.7394782998087063,39,15121,1
C152,3594,79,0.898217343264299,15,21824,0
C153,1245,66,0.22953901924611764,56,29309,0
C154,4111,62,0.26799968516510525,7,14068,0
C155,2335,108,0.8845614292181804,32,33716,0
C156,2109,81,0.922725414422638,12,8601,0
C157,1966,118,0.46628321533264705,38,42179,0
C158,3672,60,0.7130753297643453,28,19116,1
C159,2908,96,0.7929291732726448,31,43932,1
C160,4041,88,0.8021110509925026,15,13823,0
C161,2247,75,0.929208291326875,52,23410,1
C162,3463,117,0.33670820599234036,32,47557,0
C163,3740,106,0.7087417306210887,48,17973,1
C164,3105,100,0.9431714235426424,39,34894,0
C165,1189,86,0.971808404527565,41,1768,0
C166,2950,105,0.8589117282410983,6,14571,1
C167,2579,99,0.22778430917031897,58,21346,0
C168,2595,98,0.8757580412870241,38,36822,0
C169,4898,102,0.568828237368397,47,21500,1
C170,2046,110,0.8852048538080827,51,5585,1
C171,778,115,0.3393187322482927,29,46509,1
C172,2239,76,0.755922388352446,40,31612,0
C173,4808,117,0.3882333818496041,33,20448,1
C174,3441,87,0.918620160304036,10,36755,0
C175,535,115,0.4410841159208385,22,22205,0
C176,3813,69,0.4890637474303583,38,24998,0
C177,2646,119,0.4675425159307788,59,8035,0
C178,1312,78,0.3820549497738901,35,23077,0
C179,4694,80,0.5581083003623954,10,34524,0
C180,3208,84,0.3367772070639598,29,36716,0
C181,2151,87,0.6598257577239114,29,46082,0
C182,3335,67,0.10946814426887093,35,22293,0
C183,1795,88,0.8623638170623235,22,17670,0
C184,2827,119,0.3002235276235462,37,47168,0
C185,1310,63,0.9306091167927066,31,32967,0
C186,4615,66,0.9799561724320934,18,26593,0
C187,578,101,0.5439996149789429,17,11967,0
C188,4329,91,0.4731669373483429,10,40151,1
C189,606,69,0.535238013527872,22,26926,0
C190,1537,79,0.9672473217818855,33,44611,0
C191,758,78,0.3721815128254695,8,25975,0
C192,794,102,0.3525265415068983,41,1002,1
C193,4830,119,0.575687124441225,59,36501,1
C194,3224,67,0.5429367730022864,47,12992,0
C195,4010,107,0.7061560000920689,29,18362,1
C196,714,95,0.7884333985993663,24,7549,1
C197,2800,93,0.8043745595228421,31,18370,0
C198,1160,62,0.5606431959819193,49,24718,0
C199,4289,112,0.27191880689881454,40,20970,0
C200,1376,80,0.7578064295051584,16,17177,0
C201,2706,81,0.20059488924720703,47,7201,0
C202,2097,70,0.9991968436600331,51,29488,1
C203,2309,72,0.3742279217145369,50,10832,0
C204,1760,101,0.41912933597979785,32,27294,0
C205,1976,103,0.7448920863075165,28,28980,0
C206,3211,98,0.8794685426046549,26,5760,1
C207,3319,117,0.5519783225506986,20,4342,1
C208,946,87,0.8219398658255896,46,47786,1
C209,1395,88,0.37658398286566885,38,8445,0
C210,966,84,0.6921682861793819,57,4648,0
C211,3221,101,0.6003856378254345,27,40068,1
C212,1033,64,0.8498117151978218,35,8626,0
C213,3775,86,0.9970852943554472,24,46732,0
C214,2018,89,0.34417641158144785,42,6636,0
C215,940,73,0.33159239872686275,15,49965,0
C216,4501,83,0.5290078852201429,18,34598,0
C217,2845,97,0.9301885308966557,6,3037,0
C218,3562,67,0.6497218674574351,52,20192,0
C219,4807,103,0.545789004051468,25,30545,1
C220,3167,100,0.9583955326551928,15,35733,0
C221,3078,100,0.3992452935424434,42,16167,0
C222,701,108,0.6717335537869081,15,10241,0
C223,511,73,0.899987496446353,10,3450,0
C224,3803,95,0.2574553052140167,15,18644,1
C225,3669,87,0.9381475589777053,50,5646,1
C226,1055,86,0.5957039282214508,14,1330,0
C227,3338,87,0.14362806380064863,13,23837,0
C228,2436,106,0.5591773973519681,55,18470,0
C229,4677,91,0.42259092323456127,25,11571,1
C230,2161,115,0.5358000837011018,11,2886,0
C231,4214,99,0.7365980417094837,49,10885,1
C232,4880,69,0.7700933597609005,49,38680,0
C233,1481,92,0.6393462823173267,49,35992,0
C234,2338,65,0.9094548112352852,9,35727,0
C235,1473,91,0.6053478637461556,44,31929,0
C236,3424,117,0.9118412571243059,25,21684,1
C237,889,93,0.19842555800809306,46,13514,0
C238,1956,113,0.7440885812832034,54,47596,1
C239,1290,61,0.14050182747224987,46,42820,0
C240,3555,103,0.6361252023309274,21,45398,1
C241,577,119,0.6611758228198004,35,6566,1
C242,1703,70,0.4954346772121081,11,21193,0
C243,2671,101,0.23395033674908497,41,10188,0
C244,4519,60,0.5887347402529955,56,37707,0
C245,2176,84,0.5293438412861453,56,41490,0
C246,1516,80,0.19405747028855058,59,34396,0
C247,830,68,0.33958764550560305,16,46246,0
C248,4631,103,0.6113411625548014,26,12468,1
C249,4791,61,0.24425498263275727,39,19956,0
C250,2010,79,0.42818982286548735,44,25740,1
C251,4709,77,0.872755277631593,31,4125,0
C252,4421,87,0.4347853665782704,19,17965,1
C253,3095,76,0.7238668429366156,16,41626,0
C254,3330,62,0.5350878437286439,16,45666,0
C255,3559,61,0.9411500152197911,32,42031,0
C256,1810,82,0.3755893891431227,52,21657,0
C257,1834,78,0.8693498179437189,20,22049,0
C258,1688,108,0.5070846226318173,44,31034,0
C259,957,100,0.1773901079411802,59,9468,0
C260,1037,112,0.7155455763794554,10,45103,0
C261,982,89,0.8935263716235989,6,35838,0
C262,4022,119,0.1684815819824775,14,5975,1
C263,633,80,0.7715662764452503,40,30828,0
C264,1540,90,0.2791114415856032,38,18304,1
C265,3836,67,0.6743541277318874,29,37774,0
C266,1434,86,0.9235434355754433,28,1989,1
C267,1267,95,0.8299634898676765,30,46337,0
C268,2370,101,0.43438045059884334,6,12946,0
C269,1202,84,0.1841767772055831,15,28099,0
C270,1749,101,0.6231405902972056,53,21959,0
C271,3351,116,0.38381368865825627,8,15673,1
C272,2625,64,0.3367857235722491,23,44298,0
C273,1670,112,0.47379500618137216,31,34247,0
C274,3614,94,0.2100052207645419,54,22676,1
C275,4276,105,0.5868177302605068,18,45784,1
C276,1509,69,0.5384584222374436,42,7025,0
C277,2270,82,0.9799199538430378,19,47747,0
C278,1628,67,0.11010594272046086,18,11517,0
C279,1062,67,0.40078177748293653,51,37581,0
C280,1818,113,0.122528169018374,34,38285,0
C281,1010,109,0.2773561699677683,47,21160,0
C282,3089,79,0.909415280568125,21,4593,0
C283,549,74,0.8920146245418873,58,27236,1
C284,4870,81,0.810459744860636,18,36426,0
C285,4133,96,0.17550616494955917,15,44965,1
C286,2319,69,0.10151737656674953,13,49847,0
C287,680,93,0.11411038490606853,56,7462,1
C288,4637,103,0.5715631167512647,57,41177,0
C289,4608,89,0.8407129165595729,18,31213,1
C290,1605,113,0.44872547185025247,45,30964,0
C291,3947,98,0.8680509313660634,14,3088,1
C292,1291,96,0.8256762304348008,40,4954,0
C293,1485,77,0.9725325640379102,15,35414,0
C294,978,112,0.7516452962217792,27,44346,0
C295,958,78,0.39074613015710435,21,4717,0
C296,2675,62,0.40373074057501757,55,48373,0
C297,4261,103,0.5893698311993505,38,15481,1
C298,1963,104,0.5173403964340813,51,49676,0
C299,2153,116,0.4952082401442591,8,33025,0
C300,4020,116,0.8103657331798522,27,33700,1
C301,4033,91,0.8865209898265024,10,7595,1
C302,2550,106,0.8636214468315387,23,2342,0
C303,3809,85,0.22913965642847328,12,32159,0
C304,1091,112,0.7697027257631458,41,28551,1
C305,563,99,0.5241774568223105,31,41309,0
C306,3268,85,0.18836998026047239,56,37911,0
C307,4388,94,0.4057179391135993,20,25071,1
C308,4825,88,0.2697223249497142,8,37330,0
C309,1252,76,0.5236851721636868,30,48595,0
C310,2472,94,0.28017181773617406,11,46101,0
C311,1620,84,0.9922339569291146,55,1717,1
C312,763,72,0.7805832861279877,44,11849,1
C313,3961,90,0.6914351633047994,15,3600,0
C314,3995,108,0.5088662673620643,59,33876,1
C315,2078,84,0.5331729259122167,57,25800,0
C316,2499,118,0.5220639955094238,54,38721,1
C317,4706,71,0.24752675722349096,38,3731,0
C318,2747,70,0.45827358650517624,35,7233,0
C319,3745,117,0.2788842087793879,39,29582,1
C320,2482,110,0.186667630735822,57,3366,0
C321,2248,69,0.8254095473164486,34,13198,0
C322,3430,69,0.30803089200834155,40,1991,0
C323,4546,110,0.45166397067113595,32,25788,0
C324,3936,90,0.964369169054599,55,18359,1
C325,2035,81,0.9771669058938665,15,4089,0
C326,1837,67,0.6523710189549979,58,8893,0
C327,2006,112,0.3215861175290008,9,22073,1
C328,1257,101,0.4143711514530235,25,32852,0
C329,2944,86,0.56708627313552,47,43138,1
C330,3775,82,0.28908553336517284,24,49543,0
C331,2602,99,0.18186367891282867,47,38508,0
C332,2263,97,0.4735138791939222,55,26816,0
C333,718,71,0.45986374341558334,20,42049,0
C334,4631,74,0.5322720859611604,54,22792,1
C335,3203,115,0.8520325666268918,30,33024,1
C336,1619,90,0.47508794147965994,15,31437,0
C337,4550,78,0.9465737303598295,44,9933,1
C338,2216,103,0.681918637867369,9,6814,0
C339,2497,82,0.7199844150367696,34,32015,0
C340,3337,82,0.791445129403963,58,1842,1
C341,682,118,0.33626365373145184,22,40627,0
C342,4761,107,0.24718683736605973,25,24682,1
C343,4688,61,0.31494187579518973,59,43474,0
C344,4263,80,0.15073548255761063,39,19478,0
C345,3876,89,0.26441152837556503,41,8563,0
C346,3428,118,0.2885944738849208,35,23377,1
C347,2392,72,0.5543213355454718,18,4322,0
C348,3546,87,0.3325942882008964,58,29760,0
C349,4789,111,0.5848530949255024,29,24037,1
C350,3367,88,0.9975557027186694,34,15184,0
C351,1579,114,0.5053895926999941,16,8201,0
C352,2871,60,0.56925517935876,24,25868,0
C353,1708,106,0.8887514043204799,19,39184,0
C354,3158,83,0.4857205496827588,55,38946,0
C355,3121,69,0.1555188572917517,21,22125,1
C356,2688,63,0.47774069941405173,21,49821,0
C357,2595,97,0.48584696690946194,6,31353,0
C358,4972,95,0.819249234865664,38,25164,1
C359,3082,114,0.557901526564319,24,44800,1
C360,4475,102,0.29519015044631824,28,34423,1
C361,4889,118,0.9735241013807738,38,25328,1
C362,2453,104,0.29338142502311604,51,29570,0
C363,4462,112,0.992609267249539,22,7468,0
C364,3892,96,0.5485143741572155,31,38124,1
C365,1985,112,0.6712403521389511,38,30409,0
C366,4626,74,0.8316557275683097,50,34348,1
C367,4803,82,0.4968971421863949,42,11118,0
C368,3672,119,0.20212935946156452,15,48568,1
C369,2282,104,0.49931085341435366,22,5096,1
C370,2500,85,0.9675157350413692,31,20797,0
C371,2768,75,0.8962308256357736,8,25408,0
C372,2314,61,0.6969040957967726,43,20720,1
C373,3067,60,0.8007126452151248,28,18383,0
C374,4635,96,0.25532243218615913,23,32311,1
C375,3854,70,0.7615971424640041,38,20619,0
C376,3819,79,0.17931890000360468,20,18640,0
C377,3189,102,0.8150479772964693,11,47460,1
C378,908,89,0.632917725437926,18,32034,0
C379,1952,88,0.9814220936479886,8,37645,0
C380,1802,80,0.5302244262774418,21,14940,0
C381,1664,73,0.4780403089303036,50,14995,0
C382,1483,100,0.8053512954745371,12,7575,1
C383,2242,74,0.8061762193821693,58,6280,1
C384,4862,84,0.5487924234601114,57,39194,0
C385,1235,62,0.6716275010040678,50,40410,0
C386,3808,84,0.5410768806501498,47,34083,0
C387,2110,82,0.7314066803954079,39,17395,0
C388,1891,62,0.7627956196727523,7,39518,0
C389,2163,106,0.5297185031808717,24,40265,0
C390,1393,113,0.8046008682613114,55,9499,1
C391,4115,117,0.43501193134776583,10,42689,1
C392,2690,76,0.5880013062613207,47,3332,0
C393,3896,117,0.21501082529948562,6,1292,1
C394,1566,70,0.6179757238186008,31,11824,0
C395,3059,114,0.6870639511959546,56,26855,1
C396,1537,106,0.1013061691129629,48,2992,0
C397,3378,64,0.476326132064095,7,8404,0
C398,1543,98,0.5029299301641366,21,7939,1
C399,1320,67,0.8843222259635959,21,40676,0
C400,1313,116,0.6705867518429776,45,2186,0
C401,3120,71,0.9750973842455541,8,6959,0
C402,1241,70,0.9155134877678881,45,37139,1
C403,860,101,0.27890072952800027,24,48003,0
C404,2966,92,0.15972920608317995,31,20332,1
C405,2997,98,0.3323919672201777,33,39553,0
C406,2824,64,0.17068912308851505,46,7662,0
C407,2475,79,0.9167253224425973,55,9942,1
C408,3115,61,0.13598787110582322,18,36630,0
C409,952,116,0.6534878432747883,43,24418,1
C410,3311,119,0.26545308224895836,18,42986,1
C411,544,117,0.7519154958670965,30,41936,0
C412,4873,95,0.6485267930096303,48,43183,1
C413,4330,81,0.5758495528059859,47,23133,0
C414,4483,119,0.2384534802891493,17,9109,1
C415,3727,117,0.8381173686774434,14,45578,1
C416,3475,65,0.9551510576731498,43,9282,1
C417,778,114,0.5668365549552912,10,24593,0
C418,1607,99,0.9131424864573507,6,1774,1
C419,3652,77,0.5916487862681084,22,27602,0
C420,2866,108,0.27368895046993835,53,44398,0
C421,4758,89,0.18385793833923822,27,48076,0
C422,898,96,0.14619048794778153,40,23098,0
C423,4150,85,0.6538614668431115,29,12751,0
C424,4770,104,0.9608927310327726,25,5077,1
C425,1916,61,0.6907204361642635,32,41187,0
C426,518,62,0.6472146237552796,53,4051,0
C427,4223,113,0.11453990166027567,38,41136,1
C428,1138,88,0.2705805904485279,16,6959,0
C429,4247,99,0.4159494677448208,59,21591,1
C430,2336,110,0.1949706755421055,37,28830,0
C431,2514,81,0.2252071824030636,44,3731,0
C432,2777,95,0.7068206120977472,43,19004,1
C433,4263,115,0.23114192749001122,37,23101,1
C434,2286,65,0.9415213175915693,49,19979,0
C435,3140,73,0.2388049408687064,14,16069,0
C436,1747,87,0.6618441495613289,35,43992,0
C437,4118,94,0.850633082814165,50,42703,1
C438,3710,99,0.5451842290777728,12,20802,1
C439,653,103,0.8672048532781854,49,8374,1
C440,3978,79,0.8434425026520893,53,34970,1
C441,3745,65,0.833455424113119,47,4906,1
C442,2811,93,0.5935552394806165,58,25258,0
C443,3259,80,0.7166527206387137,18,4525,1
C444,1832,111,0.8002904259980289,45,34660,1
C445,1324,87,0.558999361092982,18,30995,0
C446,529,69,0.42433725957306323,15,28401,0
C447,1549,97,0.35792393135319733,20,10162,0
C448,4057,72,0.7241135663179525,18,30324,0
C449,4802,107,0.4817205260596724,33,32560,1
C450,3201,112,0.5649075936665079,17,19658,1
C451,1473,99,0.8589645283150913,41,20557,1
C452,1971,65,0.1582226311512486,49,33691,0
C453,3710,74,0.9030698253838442,46,34298,1
C454,2739,100,0.7811246130867848,22,5561,0
C455,1016,99,0.24473085944256764,30,11256,1
C456,2731,78,0.11020313352073118,15,32401,0
C457,1272,87,0.9434255277487577,43,26267,1
C458,1152,87,0.3917780268619332,27,45380,0
C459,1598,65,0.5516337541168366,52,10245,0
C460,587,75,0.18706351899667356,48,29583,0
C461,1428,98,0.527096505946814,6,37495,0
C462,1981,76,0.3840360527911867,58,6199,0
C463,802,114,0.15667223672530223,58,3433,0
C464,2468,115,0.30001425469008514,53,32737,0
C465,4401,91,0.9008851788812883,45,43066,1
C466,2498,63,0.18886770911491513,48,39577,0
C467,2175,105,0.817392304675047,44,45368,1
C468,3273,109,0.9767229812532902,24,37013,1
C469,4396,93,0.7298623196361455,47,43222,1
C470,1827,113,0.9543831023665548,21,28976,0
C471,1873,78,0.7332155067520906,45,8737,0
C472,2638,88,0.2773099678654546,25,5216,0
C473,987,115,0.6371252348341495,43,21972,0
C474,3056,85,0.4883023349358552,12,45448,0
C475,1512,66,0.8928616828578154,41,29404,1
C476,3688,88,0.3696440160990371,24,34593,0
C477,2872,100,0.11562210471789089,22,12449,0
C478,3114,82,0.2977805395951283,47,14302,0
C479,687,78,0.9876025982166554,30,43750,0
C480,2553,83,0.9726417062369138,27,5205,0
C481,3565,87,0.9932509424728799,39,17165,0
C482,3152,67,0.38322815153080236,38,21681,0
C483,4011,105,0.6103680587045853,57,19294,1
C484,4069,116,0.815734853213174,24,7316,1
C485,1580,100,0.10087102563290372,54,18086,0
C486,3867,91,0.775639438708641,34,30658,1
C487,3532,118,0.2376708637780823,24,6687,1
C488,1405,74,0.6678316925132821,41,11273,0
C489,1275,114,0.9105953120795995,6,5127,0
C490,803,96,0.4362149574416947,31,20395,0
C491,4098,60,0.4325530601390649,31,34733,0
C492,2881,116,0.9668388675565788,7,13806,1
C493,4132,63,0.17697110847489153,55,39463,0
C494,1462,93,0.9228168649372198,12,49306,0
C495,2264,73,0.8906370767387753,46,46908,1
C496,2664,114,0.7673437146479778,20,16765,0
C497,1247,88,0.7935797852844629,31,7914,0
C498,2263,94,0.32982101476773956,56,6008,0
C499,3103,115,0.8532271696856989,32,24886,0
C500,4232,107,0.9671366502638302,17,6444,1
C501,3071,87,0.898955520373806,6,30820,0
C502,3902,76,0.10875426564995433,16,23969,0
C503,4304,73,0.6855520300833265,21,30301,0
C504,735,91,0.9615656963318711,37,1070,0
C505,2212,110,0.6666754316974584,38,6568,0
C506,4975,105,0.1080112567099924,21,10887,1
C507,1296,67,0.11079225302511053,24,17829,0
C508,4411,71,0.9600212952318615,46,37831,1
C509,4469,104,0.6192580941844823,17,40142,1
C510,753,82,0.34003381877991123,44,17232,0
C511,2007,111,0.3805441258566922,24,22836,0
C512,945,80,0.2046512552744829,21,37456,0
C513,4280,112,0.2442499787182735,9,47144,1
C514,1424,100,0.4729463191597255,49,4257,0
C515,1107,80,0.7032005593988548,26,29296,0
C516,939,118,0.7237975867241957,28,41582,0
C517,4367,63,0.40422133293769835,39,35313,0
C518,1918,74,0.130686044594363,14,8444,0
C519,2574,67,0.25915576631757387,25,34660,0
C520,3673,107,0.30936335891843497,17,5626,1
C521,2814,98,0.8882921233758376,27,3446,0
C522,2887,94,0.6146961179299295,33,36178,1
C523,4373,94,0.6197514564483882,45,30413,1
C524,3727,74,0.3360761208103654,24,32798,0
C525,1396,66,0.34951258831912235,55,37200,0
C526,2218,106,0.32979901412259094,15,42460,1
C527,986,64,0.22473020751067702,46,32804,0
C528,4679,105,0.7199810026451254,13,7871,1
C529,898,74,0.5560842142364609,56,2654,0
C530,3305,82,0.7391486966248334,14,41579,0
C531,1811,92,0.27881161143395444,56,12769,0
C532,2019,116,0.8062249999935043,43,31080,1
C533,2507,93,0.2520450525768977,41,9532,0
C534,1429,69,0.4615316664697545,10,41423,0
C535,2508,74,0.5870082993757094,12,30396,0
C536,751,66,0.7090836798634836,20,25180,0
C537,3204,114,0.769580053775671,27,14358,1
C538,3700,118,0.9458094184384407,20,26566,1
C539,2652,104,0.9180852207677688,19,42819,0
C540,766,95,0.5430182559200251,38,28198,0
C541,4886,111,0.47588340385126915,56,46140,1
C542,744,102,0.8128588344991543,45,49450,1
C543,2103,110,0.7647222813408934,41,21889,1
C544,1012,79,0.9724842036997763,15,15161,0
C545,4071,60,0.3883120885885404,59,6509,0
C546,2506,109,0.6697859401949076,27,32481,0
C547,1589,95,0.967372829603511,51,3280,0
C548,626,116,0.20403110792974982,36,8465,1
C549,1674,118,0.2950350626248911,31,35039,0
C550,4409,74,0.865276655945575,41,46822,1
C551,1583,74,0.8712811662289023,17,19373,0
C552,2457,60,0.48720891927955534,25,2680,0
C553,1978,65,0.9959466534067289,34,24059,0
C554,3983,90,0.7564092537524397,59,27581,1
C555,1412,101,0.6299108647328148,38,24955,1
C556,1197,103,0.6584717646821494,57,34594,0
C557,2529,104,0.38658505776734664,15,44455,0
C558,933,103,0.9694857290845801,48,40622,1
C559,4193,68,0.5007711936310617,24,46825,0
C560,639,75,0.17837458836188708,32,2564,0
C561,3867,90,0.6748482337794818,36,15166,0
C562,704,117,0.19977163168251533,26,2444,0
C563,2500,74,0.8796974602671854,12,27390,0
C564,1808,80,0.45683488472800926,43,45551,0
C565,4999,77,0.9433273224881177,39,44742,0
C566,3952,96,0.6066143956699659,37,24575,1
C567,3196,116,0.1540691023653722,47,24265,1
C568,3925,116,0.20859905974815734,49,45587,1
C569,4504,101,0.194465443288952,34,38507,1
C570,4760,84,0.5448156953075228,50,46618,0
C571,1487,116,0.3426792702106451,14,40069,0
C572,558,86,0.9235054484977392,14,13961,0
C573,3403,112,0.6205657404946302,18,38502,1
C574,1994,97,0.5510645944763504,22,32291,0
C575,3468,102,0.7740612069268705,13,2072,1
C576,2541,66,0.9715313777100236,10,12707,0
C577,2940,91,0.735183994807629,24,16576,0
C578,3031,117,0.4519252207766804,7,3158,1
C579,3814,114,0.9268880915177431,18,35712,1
C580,4646,63,0.681635427531895,19,9878,0
C581,4642,83,0.3783077844786955,44,49280,0
C582,996,89,0.12474303097279646,56,8642,0
C583,2467,95,0.1672364694646348,50,40359,0
C584,3759,74,0.5643449292448456,12,15077,1
C585,3900,90,0.7635808352425919,9,40034,0
C586,879,111,0.5269835282020633,38,26408,0
C587,3605,67,0.32931922898033694,32,6229,0
C588,2893,61,0.8412511031062544,34,38566,0
C589,785,63,0.6618042007692098,41,45014,0
C590,2945,117,0.5525668405862949,7,34107,0
C591,2787,85,0.9053883774126049,52,30728,1
C592,3630,117,0.9507599396852852,9,16635,1
C593,1904,70,0.24402571703434062,24,35769,0
C594,4587,101,0.1031594646977414,43,40495,1
C595,4523,113,0.9905180179552802,20,6693,1
C596,4937,107,0.5271481420484216,58,48719,1
C597,3733,62,0.2729370591246546,6,34964,0
C598,1703,116,0.3491358951547082,28,16850,0
C599,2796,84,0.31165391142401233,25,20644,0
C600,856,79,0.6963768839710254,46,25703,1
C601,1267,65,0.6001124279736436,35,2549,0
C602,801,94,0.504012792594814,43,33172,0
C603,2778,67,0.886506199955429,11,32407,0
C604,2285,62,0.8126079586240031,50,9608,1
C605,2703,104,0.2966365084083092,22,27008,1
C606,3925,109,0.7128374851039212,29,17221,1
C607,1989,79,0.5017057961695129,32,43534,0
C608,3892,64,0.38712435133833467,47,36501,0
C609,3958,88,0.5739468174175982,40,14967,0
C610,2819,87,0.9947856425612543,22,12386,0
C611,2841,87,0.8994916924855774,11,6992,0
C612,3177,92,0.7089672242683418,37,22274,1
C613,1835,108,0.626125942556533,25,12591,0
C614,2986,62,0.7322266323753747,52,13848,1
C615,2491,108,0.4785720441340052,13,10488,0
C616,1242,69,0.991177635984613,54,41568,1
C617,1282,106,0.556503099126941,31,22206,0
C618,2863,100,0.3782920350767943,21,8734,0
C619,2916,115,0.3628067599352981,43,9265,0
C620,873,86,0.49835383184371396,27,13447,0
C621,3742,82,0.8384935536848238,56,4139,1
C622,2579,65,0.3765665531550302,51,9106,0
C623,2994,81,0.5183025466617064,31,35505,0
C624,4598,95,0.619615483708179,33,30045,0
C625,3731,119,0.388224607841949,8,49482,1
C626,3310,116,0.1328878728691575,16,20460,1
C627,2293,90,0.9091897727738046,15,32173,0
C628,1339,70,0.9291458791704745,59,21019,1
C629,3448,78,0.30482458822087194,14,17226,0
C630,1856,90,0.35188622833153294,41,26504,0
C631,3763,74,0.774165334567032,38,19989,0
C632,3917,61,0.6343627812856363,21,39357,0
C633,2645,102,0.2318936365637152,42,36145,0
C634,4562,103,0.694217479313568,32,29755,1
C635,4593,63,0.8471081293112622,32,46107,1
C636,3216,80,0.7528657989453145,22,10404,0
C637,4159,113,0.6391336995204144,27,8189,1
C638,657,65,0.5781228921841437,28,44708,0
C639,1189,84,0.5892857519832522,25,10585,0
C640,2021,111,0.6596250118769172,9,28062,0
C641,1588,116,0.8216127628225972,18,4552,0
C642,3955,79,0.5254476024543118,41,26489,0
C643,3651,79,0.37673701977921314,33,18194,0
C644,3725,99,0.16426577120495867,15,8854,1
C645,4062,114,0.7427446043794642,10,14215,1
C646,2723,105,0.6933975895512495,42,20525,0
C647,4402,86,0.8835514277568751,57,18476,1
C648,624,79,0.4135640377712414,57,3556,0
C649,3374,90,0.5077199794709791,29,29836,0
C650,511,73,0.21496737757345788,35,32317,0
C651,4668,81,0.34779799243502035,9,41360,0
C652,3474,91,0.3451651518839706,9,40219,1
C653,2009,63,0.25669557320269076,44,30994,0
C654,3792,84,0.2895676986769623,36,8591,0
C655,1329,69,0.584291221233647,7,27270,0
C656,2311,89,0.8573935807081737,23,25615,0
C657,736,76,0.2411623433423361,7,19037,0
C658,1824,91,0.4806941793808429,17,19759,0
C659,4334,81,0.2889002782547023,50,1819,0
C660,3954,88,0.333141482360622,24,2904,0
C661,2317,101,0.5106099594879333,17,39819,0
C662,1940,93,0.8666165433385165,54,44665,1
C663,4922,117,0.8534143874451156,8,16853,1
C664,4862,118,0.20979741597214852,24,13894,0
C665,1843,115,0.5115623277821957,38,41871,0
C666,4813,89,0.42163069912158313,43,25572,0
C667,2082,70,0.7589660506253838,55,20491,1
C668,2621,80,0.8654474055025251,28,8991,1
C669,4599,97,0.5787592893636369,42,23248,1
C670,3508,117,0.8555132861252084,59,45110,1
C671,2093,69,0.3047149194558297,25,5369,1
C672,3997,60,0.6207788387748853,34,34691,0
C673,4094,99,0.3869488956502233,54,30287,1
C674,3080,105,0.8652427958289237,39,23994,1
C675,669,109,0.6514102892263031,29,29624,0
C676,1256,64,0.802433688441356,44,33569,1
C677,3588,116,0.11464072339120343,26,44975,1
C678,4647,65,0.1319971313788425,39,11125,0
C679,1447,96,0.43762323257119873,56,4713,0
C680,4643,80,0.4098770065988865,39,4091,0
C681,802,94,0.34785701995126683,23,38035,0
C682,4513,95,0.3967069387593942,33,42380,1
C683,2685,86,0.9811336177988895,21,39284,0
C684,2374,71,0.6585098258906753,49,13096,1
C685,4868,99,0.6550925026004119,39,47808,1
C686,3997,77,0.10432997417002243,26,3041,0
C687,1851,108,0.8217731720681765,28,12821,0
C688,1850,83,0.23482727514312607,53,45198,0
C689,4248,99,0.672451856226748,22,27786,1
C690,940,109,0.32164054866719666,15,49202,0
C691,3474,92,0.8774462713551571,23,26436,1
C692,4321,81,0.15045413843676197,11,11980,0
C693,3728,77,0.8233103405242763,48,11722,1
C694,852,111,0.15911164954268112,7,23475,0
C695,2589,72,0.9542863379360291,27,29063,0
C696,4582,118,0.16879938182934642,30,37770,1
C697,3769,80,0.12312292438394179,45,7353,0
C698,3843,102,0.9561984105918008,15,40537,1
C699,1440,111,0.43411254364405116,46,14264,0
C700,1934,92,0.6196011158909199,48,13868,0
C701,4631,101,0.38861968577692285,31,40775,1
C702,4686,92,0.9324396817297553,30,24894,1
C703,2581,113,0.712954521084758,22,22604,0
C704,2887,83,0.191076034667518,23,6247,0
C705,997,84,0.5867982128600424,7,48675,0
C706,4618,63,0.8636392430858526,51,31932,1
C707,1503,70,0.7159863287265653,51,24107,1
C708,4551,79,0.2721185063732679,57,49900,0
C709,3194,117,0.7195517623719777,22,22596,0
C710,610,105,0.3180508736424581,48,26850,0
C711,1590,70,0.6854737859739106,55,6457,0
C712,2899,93,0.5407672742897326,6,48878,0
C713,3177,101,0.42106514334665446,14,21720,1
C714,1409,104,0.3454253924519676,33,27271,0
C715,1192,113,0.5476138424777046,12,43247,0
C716,2504,72,0.33184739426388093,42,16300,0
C717,2454,115,0.29629218195419127,12,30368,0
C718,2819,71,0.16458275868756989,21,43595,0
C719,4252,71,0.8197724610413145,20,46477,0
C720,4186,108,0.42319849508214835,49,45325,1
C721,1836,119,0.6398593360736086,33,34861,0
C722,2228,68,0.17574755554398014,27,38136,0
C723,1252,109,0.284649722868305,46,14161,0
C724,1202,71,0.5940372133916578,36,44541,1
C725,4968,99,0.1462282260987881,44,5945,1
C726,1058,113,0.4010879628103299,59,9152,0
C727,3612,117,0.4778697851735879,11,7979,1
C728,2279,69,0.8634268817950028,38,24913,0
C729,2488,108,0.9760830704713428,36,15939,0
C730,3962,64,0.4633987170275242,29,16340,0
C731,3662,90,0.6066077641668992,50,3368,0
C732,3749,82,0.3456632482070403,16,37997,0
C733,2527,60,0.985077579536489,59,49440,1
C734,4591,101,0.9254861371132088,58,21200,1
C735,4294,60,0.1945766272821491,40,8849,0
C736,2094,107,0.8355406162747178,35,47057,0
C737,1746,64,0.566847924992954,47,22444,0
C738,2029,61,0.11673759919161536,16,37640,0
C739,2634,89,0.18151968071553662,25,12597,0
C740,3947,65,0.7133395718379235,36,46412,0
C741,4658,93,0.8735931079469071,38,46261,1
C742,4744,90,0.8089741249832908,59,11149,1
C743,3563,96,0.8265108407218595,13,11087,1
C744,1681,94,0.8424661073099436,8,41399,0
C745,4933,92,0.4566984793123583,14,17231,1
C746,2492,118,0.6549945390720456,17,23936,0
C747,1033,68,0.32784743285571355,47,14820,1
C748,2308,81,0.831320194245779,7,24149,0
C749,1903,90,0.732364817002309,25,24208,0
C750,2463,114,0.6157201157046349,41,1890,0
C751,1474,70,0.29622046268562274,12,39876,0
C752,3893,82,0.15950631952345076,39,34010,0
C753,3688,65,0.3330028547974706,19,3933,0
C754,3598,78,0.26239996517860853,28,19193,0
C755,1274,105,0.4055442028799736,57,3014,0
C756,3127,77,0.8591248051349627,10,12802,0
C757,3982,66,0.8346060426125306,36,26551,1
C758,3101,111,0.8001934694902777,27,5552,1
C759,1804,72,0.6775754901462544,30,29810,1
C760,1369,99,0.7936813093408508,8,48304,0
C761,3275,92,0.16637861306787216,41,7725,1
C762,1044,117,0.42907134388051993,31,9624,0
C763,3726,93,0.8709042051980185,13,10886,1
C764,3989,84,0.907757733702791,13,47149,0
C765,2683,94,0.9703875718377354,28,38752,0
C766,4857,104,0.1499320814345378,28,39234,1
C767,2221,105,0.8424633111448588,54,33509,1
C768,1914,90,0.5622121235394801,17,32886,1
C769,3103,79,0.32207670796667975,40,28539,0
C770,3704,87,0.6086344183947496,50,20652,0
C771,3358,114,0.7931482307494647,46,49717,1
C772,4544,112,0.6283845083678399,25,19638,1
C773,3966,99,0.8260420407918205,20,2844,1
C774,2578,83,0.17342751909440657,56,33559,0
C775,4316,67,0.15841795970740327,51,45678,0
C776,971,105,0.8839229949344194,26,20841,0
C777,1063,116,0.8609885816024906,27,35092,0
C778,1934,62,0.77931138361811,55,34662,1
C779,3391,110,0.8389305585529926,57,6934,0
C780,4639,119,0.7012919748224227,59,13297,1
C781,4263,75,0.38085230688782523,42,5287,0
C782,3304,114,0.21774140512284684,10,46267,1
C783,3490,97,0.37055232744214794,20,23905,1
C784,3940,60,0.3816614979803963,55,1560,0
C785,4235,81,0.3027431641472159,46,22528,0
C786,4393,88,0.58852073487344,53,38902,0
C787,4917,109,0.4833676525822064,41,43244,1
C788,1295,107,0.6255088311115248,12,14316,0
C789,4830,70,0.7435937152497769,43,48898,1
C790,3267,62,0.771456195084245,24,3949,0
C791,2019,86,0.8639137125750066,57,13557,1
C792,2299,72,0.29056880365471105,25,43865,0
C793,3473,92,0.15793614651340018,53,26214,1
C794,1285,110,0.37914548256872305,13,28376,0
C795,3784,63,0.20148650107655702,46,39952,0
C796,944,91,0.9927629993107213,48,16636,1
C797,3850,101,0.31336695915218105,25,37685,1
C798,3251,116,0.6817538471991209,38,45894,0
C799,4610,114,0.8287229610163931,16,14632,1
C800,3252,67,0.4308732870800579,50,28744,0
C801,2067,93,0.8581279859486509,27,23002,0
C802,4895,82,0.41018902953477776,8,16609,0
C803,2526,88,0.6649142722810114,16,18490,0
C804,849,110,0.7813026860285485,38,12521,0
C805,2861,61,0.2636721596855296,37,15492,0
C806,1919,85,0.2687862002490814,17,12121,0
C807,4669,77,0.9592183792511808,42,3849,1
C808,2386,116,0.40335671669600404,9,36084,1
C809,1150,69,0.5525755212241658,42,5963,0
C810,1908,110,0.28308803780818803,44,25017,0
C811,522,84,0.1620379608550393,39,36452,0
C812,1338,115,0.9835846215626882,40,16782,0
C813,1681,88,0.8347360979141787,38,21285,0
C814,4294,72,0.7221434027529824,31,44298,0
C815,4166,66,0.8660749080360965,31,37340,0
C816,1229,69,0.7536091297221175,27,24486,0
C817,4803,113,0.7874948620602181,47,37422,0
C818,4440,78,0.923816513288186,47,17745,1
C819,4408,89,0.7680255828171667,49,31440,0
C820,932,62,0.3980941196525186,46,13442,0
C821,4601,117,0.26736111043473465,31,13484,1
C822,3969,76,0.36398470802431193,19,14346,0
C823,2263,70,0.17277974128767631,54,10026,0
C824,3779,87,0.4452794166476274,38,44067,0
C825,2392,116,0.6152047663531919,6,24351,0
C826,934,94,0.37806532085425426,45,19980,0
C827,4287,118,0.48760377649641207,23,45256,1
C828,861,66,0.3439424827113092,37,39944,0
C829,3660,103,0.6043128284695855,37,12764,1
C830,1380,111,0.9796949511147603,42,25469,1
C831,4831,117,0.2886589763963269,32,17487,1
C832,4392,85,0.4612773001535998,52,3173,0
C833,3856,64,0.3010265466000417,27,7746,0
C834,3547,107,0.3548414961312296,53,16157,1
C835,818,102,0.2346153487132443,20,28900,0
C836,1517,90,0.39071696125218935,23,34174,0
C837,3983,76,0.37831333440966597,24,34058,1
C838,2709,109,0.3255843503574438,44,41958,0
C839,1698,110,0.2588357771572107,29,33803,0
C840,1894,60,0.6746337111496065,44,17588,0
C841,3048,67,0.3065719686307583,42,32005,1
C842,3883,113,0.7599790701230947,32,6637,1
C843,4492,65,0.5418355541219626,53,48307,0
C844,1831,96,0.7363117536124562,22,35600,0
C845,2640,70,0.9113982350664569,11,9447,1
C846,2128,112,0.7430282184904414,49,16334,1
C847,2371,97,0.19508007567150004,34,34350,0
C848,3197,105,0.17188552236616556,38,46688,1
C849,4401,105,0.814578755238566,6,25820,1
C850,4473,118,0.22568000440131414,27,46264,1
C851,4411,85,0.9782675032155778,59,3286,1
C852,3988,60,0.7784586469815173,55,41217,1
C853,670,94,0.28588047712761294,43,3696,0
C854,3745,73,0.5080443805941189,40,33607,0
C855,2454,64,0.22635097189975859,16,28495,0
C856,1422,69,0.7367611701590113,15,3483,0
C857,824,106,0.12054976704013344,24,2119,0
C858,1840,101,0.9076734203197675,40,24870,0
C859,1762,70,0.24137250048320388,12,27265,1
C860,4078,74,0.5306604041155024,53,13542,0
C861,1727,69,0.9431268563675059,8,20032,0
C862,3797,81,0.4504419512018101,49,26438,0
C863,2404,64,0.2489485420744696,17,22289,1
C864,4306,102,0.23644430422203697,28,18951,1
C865,3806,100,0.6949164361361589,24,22681,1
C866,1387,116,0.5751038308630386,9,44361,0
C867,4779,66,0.8630877443086431,43,23969,1
C868,2400,63,0.4460269301933436,25,33821,0
C869,3123,101,0.39617605952345514,34,36130,1
C870,594,111,0.3182752831531607,49,14930,0
C871,3354,86,0.8550038117735995,24,11688,0
C872,2879,115,0.10452641931852069,25,5795,0
C873,859,90,0.42449645989477747,19,49072,0
C874,4781,95,0.22201111059720557,37,11161,1
C875,2009,106,0.579751337215092,58,2571,0
C876,3717,82,0.13104900557202612,45,45845,0
C877,3823,64,0.3222586481797901,12,34430,1
C878,1339,83,0.8249268569477939,47,3536,1
C879,2881,94,0.5519901561983096,10,45715,0
C880,1640,76,0.5815553683692112,37,38519,0
C881,1807,102,0.8629144486849484,12,14540,0
C882,3639,87,0.17293057277120505,32,2199,0
C883,1415,113,0.5417111053257758,46,24713,0
C884,1876,99,0.832316535626761,7,32027,0
C885,3979,103,0.39788044093544617,52,20138,1
C886,2800,88,0.5462668905608983,44,9932,0
C887,4669,90,0.5207286316033275,46,9933,0
C888,1262,93,0.47064627175500473,48,18792,0
C889,872,75,0.13599055716596614,47,43968,0
C890,2146,60,0.7200986276093271,15,10246,0
C891,4435,65,0.13148728814804678,38,7869,0
C892,2988,88,0.6268201310266304,14,29171,0
C893,4155,82,0.14417904978019425,48,13606,1
C894,1079,65,0.984839059727843,18,7415,0
C895,3646,112,0.8056680799125733,16,23665,1
C896,3529,83,0.5406849135600876,13,14239,0
C897,2829,72,0.2358624467649753,10,26092,0
C898,2424,92,0.15987642104485406,16,23242,0
C899,2299,75,0.5076851603967031,49,5406,0
C900,558,94,0.39068125053239033,27,9217,0
C901,2959,110,0.6565530409510768,11,31836,0
C902,856,68,0.6827922661860635,27,33742,0
C903,2478,88,0.9631536607025648,15,32674,0
C904,1898,86,0.9717486467702251,45,33571,1
C905,3164,84,0.6442135491091739,47,5170,0
C906,727,116,0.7278648654825474,18,40190,0
C907,903,103,0.33323412349848003,28,40621,0
C908,1308,96,0.9477568022191433,35,32043,0
C909,3876,90,0.9073356736637542,49,36088,1
C910,683,71,0.5379081914874335,48,16233,0
C911,3715,111,0.5450257845874651,23,35564,0
C912,2050,117,0.15071114650617048,23,18625,0
C913,2711,74,0.8248899475710292,18,15016,0
C914,2796,62,0.22111585570225664,23,38002,0
C915,4185,76,0.8149954881029631,33,45436,0
C916,4970,80,0.8507509544533839,21,47866,0
C917,4116,67,0.47042614950571493,40,44834,0
C918,2649,103,0.212874388750945,16,7438,0
C919,932,89,0.714652763166749,28,27380,0
C920,2338,117,0.18460892433455853,26,42446,0
C921,1094,94,0.3192770890782257,10,46048,1
C922,4719,118,0.2279434265021042,33,15999,1
C923,1637,70,0.20378728353044312,6,28152,0
C924,4515,69,0.5015982063207473,51,28487,1
C925,3259,108,0.2285274286181126,42,30652,1
C926,1979,110,0.560272579711009,27,11066,0
C927,1844,66,0.13485078758618796,30,32710,0
C928,4265,85,0.4355708304060639,49,28543,0
C929,4765,83,0.4137894796761227,6,46469,0
C930,1255,68,0.6712993973636877,15,39584,0
C931,1937,92,0.8772477391923545,26,28761,0
C932,1679,95,0.8301225024495441,29,20865,1
C933,3101,109,0.7166029828637414,54,36093,1
C934,3189,90,0.801207395259083,53,44543,1
C935,3156,86,0.3456433896666412,29,28589,1
C936,1856,113,0.660114803858403,19,35700,0
C937,4618,67,0.28993405237425873,48,7522,0
C938,4189,80,0.3824329743990137,16,6577,0
C939,2137,115,0.3468535616096361,10,24636,0
C940,1523,116,0.11662919651224062,32,33450,1
C941,1912,102,0.6410464232422929,51,5978,0
C942,2011,118,0.8634981861453143,37,10774,0
C943,1704,114,0.42313064973275805,10,24860,1
C944,2493,89,0.7521692031631682,53,1296,1
C945,615,65,0.909619866770909,17,49447,0
C946,3894,90,0.5617194951915042,51,27446,0
C947,4643,76,0.9752277329935877,6,22137,0
C948,2449,96,0.7085650359585179,49,34604,1
C949,967,94,0.6823779949093108,9,39519,0
C950,2716,113,0.6118486032898419,16,5867,0
C951,1473,92,0.3891348397578053,59,24203,0
C952,4972,106,0.5923872185251207,30,17390,1
C953,3044,83,0.8979661464853931,55,15139,0
C954,1958,93,0.3488009050673591,54,21747,0
C955,3015,114,0.8662113613984628,49,22448,0
C956,3504,101,0.7075056317791314,36,37067,1
C957,3524,63,0.16380991842719136,47,31032,0
C958,1452,75,0.2021036919373287,47,1138,0
C959,1201,82,0.7680729035524393,26,18552,0
C960,2403,99,0.36176643316603097,6,38719,0
C961,4420,68,0.9986545678899382,40,12052,0
C962,3813,103,0.3143418862371741,38,9404,1
C963,1312,118,0.8337697844657118,47,37387,1
C964,2062,118,0.9901820630791341,11,16300,0
C965,1135,118,0.5586762640660233,14,44970,1
C966,2807,75,0.2540379312851946,7,8183,0
C967,1612,79,0.6805292290512553,39,1088,0
C968,1118,90,0.8659307404962586,30,46534,0
C969,4309,64,0.8985818558525789,37,22478,0
C970,2072,91,0.866609946508758,53,42272,1
C971,1481,97,0.23701872915140051,33,16138,0
C972,3294,100,0.8974351780074381,7,13371,1
C973,2129,75,0.889651159376571,58,4882,1
C974,4216,61,0.8242395240029704,27,45259,0
C975,2583,88,0.8798591752490137,30,10016,1
C976,836,72,0.1277344702230955,42,7674,0
C977,4820,89,0.9287160392337261,20,40309,0
C978,3578,86,0.3585526349883178,27,20140,0
C979,2193,74,0.7531783279346093,24,12241,0
C980,808,117,0.8186860813491479,11,13070,1
C981,4172,101,0.5411392202676651,28,18641,1
C982,4598,77,0.3582520302998642,28,11242,0
C983,2298,88,0.35314457271956257,42,12261,0
C984,1046,115,0.15400871221131993,38,49324,0
C985,2526,106,0.8195891865359564,35,25174,1
C986,4803,113,0.6264151669630115,58,28099,1
C987,2124,108,0.313039977736815,43,25333,0
C988,557,88,0.5475152532900334,10,32170,0
C989,4698,89,0.8506533035834448,42,48263,1
C990,1978,118,0.39456627791010235,20,2298,0
C991,2304,80,0.8035604373245198,19,7185,0
C992,3741,90,0.8354126526573039,48,43364,1
C993,1345,97,0.12955094047834115,52,7968,0
C994,1535,61,0.5384854856540282,39,43637,0
C995,649,93,0.35023953705246724,14,1208,0
C996,902,113,0.7514666502533967,46,25445,1
C997,1510,86,0.8070963802965883,25,6800,0
C998,2140,102,0.17364138291932138,22,30076,0
C999,1367,91,0.7923330517890048,11,46827,0
C1000,3081,77,0.5618000057135552,15,34169,0
C1001,586,82,0.28374609845253146,40,22361,0
C1002,3067,106,0.3034406099989335,42,27016,1
C1003,3141,118,0.9824521363428884,27,8561,1
C1004,3875,110,0.5444627997303619,44,3885,1
C1005,4382,72,0.24638029832582728,40,40469,0
C1006,4519,87,0.9661835738111584,6,5803,1
C1007,2814,66,0.24452896807298607,53,46722,0
C1008,2938,115,0.4338970220531889,59,22731,0
C1009,4392,69,0.7098525180797538,9,48315,0
C1010,893,81,0.3921042797818115,56,5569,0
C1011,1200,88,0.19082481442137395,43,34915,0
C1012,915,95,0.22496317514707587,40,34419,0
C1013,2849,87,0.26213848684701657,21,15133,0
C1014,1894,110,0.15877475468616592,8,27439,0
C1015,2287,72,0.6471325808782981,56,6615,0
C1016,2425,100,0.5797447914635272,30,37818,0
C1017,4105,84,0.5710979328655024,31,2892,0
C1018,4485,100,0.27937894406919195,28,15897,1
C1019,3345,65,0.49349701999270956,8,43616,0
C1020,1907,113,0.8928895096929966,17,39795,0
C1021,1292,97,0.9565624255495131,40,16622,0
C1022,1601,60,0.33786717588161735,51,44924,0
C1023,2665,94,0.11308807866087943,49,39972,0
C1024,4133,80,0.37128020585441757,28,8577,0
C1025,610,103,0.9998476012225437,37,49173,0
C1026,2349,74,0.19088517081811204,54,3570,0
C1027,2112,67,0.13998297199450044,30,35598,0
C1028,4234,86,0.5074052690220906,18,25937,0
C1029,1146,72,0.8999305816760064,18,12143,0
C1030,2396,92,0.5550858183111165,14,24287,0
C1031,3862,107,0.6102649595096521,22,26709,1
C1032,2875,107,0.5133576191286002,29,19539,0
C1033,4364,110,0.3206309315777781,31,30665,1
C1034,755,106,0.699880988894171,47,1556,0
C1035,4276,94,0.865376721914244,40,31672,1
C1036,547,94,0.7539386700067138,48,37558,0
C1037,1311,66,0.438480729605067,29,6012,0
C1038,4105,112,0.6989339589318353,39,31863,1
C1039,2968,67,0.5365628838808715,49,47473,0
C1040,3116,106,0.10826956094642753,28,46733,1
C1041,4229,67,0.8361595708660101,13,15413,0
C1042,3468,94,0.43419093355527905,23,8617,1
C1043,1677,92,0.5341116343939968,18,43683,0
C1044,3685,62,0.2637234230355254,26,18057,1
C1045,1844,86,0.2960008524450689,44,10840,0
C1046,1997,67,0.2606189970389287,22,39286,0
C1047,1260,108,0.3494996368855996,40,45968,1
C1048,4168,107,0.8882087279814657,38,38276,1
C1049,1543,67,0.10979794131777947,28,9780,0
C1050,1032,93,0.1063860573281637,58,29310,0
C1051,1653,61,0.593414705209313,48,39406,0
C1052,3535,63,0.2336426515435894,40,32778,0
C1053,3891,84,0.16729298345617222,27,16452,0
C1054,3802,110,0.3926776113673164,52,37683,1
C1055,4303,79,0.6159110971980319,23,33444,0
C1056,1146,115,0.9669540046944993,20,30503,1
C1057,3166,71,0.24006729097702012,19,23243,0
C1058,1524,64,0.18163479168001267,52,11261,0
C1059,2162,117,0.4653499011876957,51,36721,1
C1060,4959,102,0.9020010869092675,29,18235,1
C1061,2258,95,0.3525201520028358,36,27619,0
C1062,2171,82,0.8293977195970255,40,47387,1
C1063,2231,72,0.9014495291002304,52,30624,1
C1064,989,87,0.5356159709637224,54,7169,0
C1065,4495,109,0.6866987536961899,26,35374,1
C1066,2869,103,0.2867848988832296,54,49383,0
C1067,2832,100,0.868757513716375,53,44278,0
C1068,1219,116,0.7509322104310906,52,15609,1
C1069,3899,108,0.17955380608952104,43,23952,1
C1070,1215,64,0.40495851900958435,31,5312,0
C1071,4199,118,0.8636305024243794,51,3943,1
C1072,664,76,0.10476357758576894,47,2747,1
C1073,2338,80,0.24544085303857865,33,43593,0
C1074,1397,80,0.1414017976654831,58,38355,0
C1075,2014,116,0.19025800836106033,49,4574,0
C1076,2566,69,0.16989168060349968,19,11724,0
C1077,688,90,0.5295495005281776,9,5104,0
C1078,4485,62,0.6267266110222126,41,31730,0
C1079,724,104,0.9825008103956457,40,40262,0
C1080,4479,69,0.8861282158195707,11,13389,0
C1081,4796,91,0.28749292600377646,34,39765,1
C1082,4270,106,0.2906251742243673,6,7069,1
C1083,3836,110,0.42931642464675,30,21270,1
C1084,1197,109,0.5946358992315413,25,1619,0
C1085,4432,87,0.7570618441088403,52,24390,1
C1086,1838,92,0.8453766497007229,48,33827,1
C1087,621,119,0.9958003141450688,15,19091,0
C1088,3326,113,0.6216026466222889,28,29064,1
C1089,3432,64,0.4046670559346982,53,5674,0
C1090,3394,82,0.757305470205616,25,22934,0
C1091,1669,98,0.5425881167530505,6,41522,0
C1092,1954,72,0.5525637423862715,36,20591,0
C1093,3712,75,0.5418484746228138,13,34267,0
C1094,4438,62,0.7232412849261104,37,38671,0
C1095,2530,74,0.5701711515379517,8,19734,0
C1096,4648,108,0.15702106875378294,27,11598,1
C1097,4456,68,0.8068453533865371,27,22005,0
C1098,4021,72,0.6001140323306239,23,45281,0
C1099,2273,112,0.3731501419541252,48,30232,0
C1100,3436,72,0.2395353603058753,55,41548,0
C1101,2646,88,0.6098001498967328,23,7150,0
C1102,1069,88,0.508643872322136,31,19264,0
C1103,4995,107,0.5347098669444887,9,5821,1
C1104,3093,87,0.8106562254707138,29,15143,0
C1105,3884,94,0.914767718535381,56,1561,1
C1106,864,84,0.2640487504107035,49,29913,0
C1107,1713,92,0.9702820134973799,24,39626,0
C1108,4185,108,0.5856768344471658,23,37484,1
C1109,4794,83,0.17373266069784496,59,42965,0
C1110,1912,110,0.6068776116784744,28,30664,0
C1111,957,72,0.9262055855492773,35,33971,0
C1112,979,76,0.7036147616748474,14,4001,0
C1113,4368,84,0.9405059910224896,39,34775,0
C1114,2037,88,0.4351856989646907,17,18610,0
C1115,1863,86,0.9898354186256135,8,9305,0
C1116,1609,97,0.41271792535241025,45,44055,0
C1117,2088,84,0.16665135976465528,36,22188,0
C1118,1953,61,0.12544132978661932,13,12058,0
C1119,4819,119,0.8340392111073465,26,43918,1
C1120,3976,68,0.7372930716357394,45,48793,1
C1121,4107,88,0.4216505447131763,43,42525,0
C1122,3248,72,0.6147017019568318,23,7777,0
C1123,3422,94,0.6058545335543041,30,17121,1
C1124,4628,66,0.43403515466377895,6,48741,0
C1125,3236,89,0.6893817939614238,14,34050,0
C1126,3551,98,0.8276103568535239,33,46788,1
C1127,1612,67,0.15069329336518852,15,13190,0
C1128,1659,79,0.29430488956648426,52,38711,0
C1129,4833,101,0.27586183170729967,47,12221,1
C1130,929,101,0.17268779893101394,51,48792,0
C1131,773,86,0.8187314763536502,30,45765,0
C1132,3540,98,0.5530579014075516,33,11469,1
C1133,2614,114,0.9097213672752177,39,47394,0
C1134,830,64,0.12709763845508745,24,28108,0
C1135,1730,62,0.9169030281764049,59,6813,1
C1136,4649,85,0.3672888788688825,31,1847,0
C1137,2981,85,0.33529292358386875,41,30797,0
C1138,3800,106,0.8319307886310218,24,45581,0
C1139,2324,96,0.9117042022212949,57,37638,1
C1140,1217,107,0.7145928199284829,21,13143,0
C1141,890,82,0.22153476470554023,23,20309,0
C1142,1935,72,0.6222692057698914,12,21195,0
C1143,572,100,0.5299928861869693,15,36244,0
C1144,1012,108,0.8956543166989563,23,2632,0
C1145,897,61,0.49077803936411546,13,39929,0
C1146,603,80,0.6931195108952806,25,32459,0
C1147,4275,78,0.8187579240981278,18,42073,0
C1148,1381,90,0.3440905881849808,21,20017,0
C1149,3555,112,0.8902596241650877,22,23975,1
C1150,1999,86,0.873239739276474,31,23397,0
C1151,4652,71,0.6736063292026274,38,10819,0
C1152,3485,83,0.6090891754781597,15,32146,0
C1153,2102,64,0.6974096932951795,17,6414,0
C1154,4940,89,0.9875868747255823,47,38476,1
C1155,3751,77,0.3055873064658899,19,32163,0
C1156,4661,86,0.8601499788739798,31,38489,0
C1157,4440,86,0.6609137690742473,37,23618,0
C1158,1822,106,0.5562768584418627,21,29005,0
C1159,1275,71,0.3971397449832521,41,16180,0
C1160,3371,62,0.7909010533952937,56,2293,0
C1161,2100,103,0.7622032312488619,55,41324,1
C1162,1829,107,0.151391023082713,13,37525,0
C1163,2819,115,0.21931182468142071,14,23432,0
C1164,2443,66,0.32072422942627704,10,47355,0
C1165,841,80,0.8718029900174895,39,20194,1
C1166,1890,92,0.23194857897956342,17,44570,0
C1167,4461,74,0.2271171440172063,20,32669,0
C1168,4481,78,0.8217542350099118,30,40175,0
C1169,4136,60,0.9316760998571086,13,4975,0
C1170,811,70,0.22618068487086374,13,47287,1
C1171,557,62,0.6528529080028989,29,37008,0
C1172,3204,105,0.24551826816082423,15,14286,1
C1173,3861,106,0.6374870714401902,31,44381,0
C1174,889,104,0.37636777165002533,10,13417,0
C1175,4415,82,0.2839984051980747,20,35835,0
C1176,1635,71,0.1834546027133291,48,13380,0
C1177,1391,97,0.40103393113263786,41,36693,0
C1178,2402,72,0.9332639522168307,15,47648,0
C1179,1093,82,0.46072606067109945,44,19568,0
C1180,1140,82,0.586253059294223,57,10944,0
C1181,4943,92,0.19188251318419536,14,35261,1
C1182,1279,98,0.47977648899153247,45,8734,0
C1183,2565,66,0.20020731121713137,37,46270,0
C1184,3108,64,0.32542904655593186,41,22435,0
C1185,2950,110,0.6490427939044547,53,14570,0
C1186,3565,79,0.2695506123126553,50,45110,0
C1187,2680,77,0.1074243054044691,36,25368,0
C1188,4303,70,0.7291562045462217,12,4515,0
C1189,2132,63,0.9143955678105373,17,34227,0
C1190,3564,118,0.3590315649242023,56,1680,1
C1191,4461,71,0.8907612926094242,53,14513,0
C1192,3644,79,0.6302674004939671,50,3124,0
C1193,551,109,0.8913041683268854,10,49503,0
C1194,2435,109,0.1563894398214157,20,39336,0
C1195,1186,85,0.4452056846031506,13,10166,0
C1196,4598,115,0.42413571121648797,53,10808,1
C1197,2707,79,0.4801971372195273,55,21406,0
C1198,957,64,0.4777454985155202,10,45625,0
C1199,2836,119,0.7019142796092567,42,47234,1
C1200,4684,106,0.43124106140435414,37,11396,1
C1201,2830,96,0.9738912694646156,29,8925,0
C1202,1235,62,0.22344737665748388,33,22341,0
C1203,3573,107,0.8465373053165246,19,38838,1
C1204,1796,114,0.32815879565080835,45,19002,0
C1205,2293,118,0.6357225762194,44,7897,0
C1206,3584,73,0.22108083977596332,54,31175,0
C1207,833,62,0.2234695930008176,37,16005,0
C1208,3002,80,0.3630109125138974,48,37788,0
C1209,3321,114,0.8521896855375043,8,42581,0
C1210,1687,90,0.5116723466589247,58,28410,1
C1211,3650,112,0.9224733950118874,40,35824,1
C1212,2913,60,0.7733586013552235,34,22565,0
C1213,3269,72,0.5427111429972773,40,48905,0
C1214,942,77,0.7549782759458804,9,21226,0
C1215,3353,83,0.252861140731357,15,38077,0
C1216,3364,85,0.5028160414645613,11,46864,0
C1217,3742,90,0.4289943575339553,10,18493,0
C1218,2562,89,0.9617209520792632,40,38631,0
C1219,1529,119,0.4902909983079453,15,40711,0
C1220,889,116,0.5035472044480583,53,33060,0
C1221,3564,106,0.4145790179054558,25,18310,1
C1222,1761,91,0.5781257412745746,35,11639,0
C1223,4374,80,0.4415619335890024,33,49821,0
C1224,881,71,0.5117484545968767,29,35429,0
C1225,2768,97,0.9153863051642054,21,41596,0
C1226,4361,94,0.14610399226115922,34,5441,1
C1227,4051,67,0.6255123566441934,32,3270,0
C1228,2151,79,0.7323716510048559,19,5743,0
C1229,3211,111,0.7406290438536162,55,45343,1
C1230,1622,103,0.38215657732058994,37,47349,1
C1231,3740,74,0.3590506005402275,58,29088,0
C1232,2079,75,0.14227666234669828,27,31904,0
C1233,1801,79,0.13605086833199248,27,8301,0
C1234,3530,80,0.6694144974627001,41,23031,0
C1235,2699,64,0.7380717621959922,31,45931,0
C1236,3427,101,0.24581592676725017,9,37330,1
C1237,1722,107,0.6601874332589187,53,27479,0
C1238,4994,92,0.6215992366112889,42,24640,1
C1239,4755,78,0.4296371258748862,11,12745,0
C1240,2888,71,0.7071320928486653,23,40917,0
C1241,1328,108,0.9210018752380439,57,23736,1
C1242,1092,93,0.582143759734425,44,15697,0
C1243,3338,82,0.683091361414995,19,20650,1
C1244,2354,61,0.7507273572325662,23,39432,0
C1245,3485,93,0.42644990239672953,57,11478,1
C1246,3436,87,0.6191429485533626,23,42803,0
C1247,4406,117,0.7670071718962812,18,1657,1
C1248,1334,113,0.8392598879326633,40,45967,1
C1249,4851,101,0.21609574765155434,43,45747,1
C1250,2161,109,0.6117426596006387,54,18509,0
C1251,2446,70,0.5322975982306212,25,5169,0
C1252,1607,105,0.735799549669598,59,6528,1
C1253,1111,100,0.9666817239765161,26,29831,0
C1254,4888,116,0.6180099842408789,30,30861,1
C1255,3455,73,0.7385973632438733,27,3519,1
C1256,2865,109,0.633000136990539,42,46378,0
C1257,4452,62,0.13319359809116424,13,20201,0
C1258,1377,104,0.46042797817193903,58,20767,0
C1259,1593,108,0.6474025887676869,42,8458,0
C1260,686,80,0.6264008599575691,45,7634,0
C1261,4812,70,0.9617526435111764,49,47452,1
C1262,4137,112,0.6944172205930982,39,27540,1
C1263,1479,103,0.8111543848881769,7,48914,0
C1264,1410,94,0.2985835420339231,57,17070,0
C1265,1749,70,0.3995885899310839,37,37375,0
C1266,4734,96,0.6380138265385763,58,20907,1
C1267,4311,80,0.6804678862012015,32,41621,0
C1268,677,63,0.751273830512082,15,36214,0
C1269,2787,63,0.8171506264866396,9,2724,0
C1270,4800,82,0.4119676118454466,53,36099,1
C1271,2471,63,0.17094057060740103,44,17546,0
C1272,2167,78,0.14483598832868205,41,30177,0
C1273,2060,91,0.8448887949726771,23,36873,0
C1274,3286,69,0.6011068573514945,14,9715,0
C1275,2171,93,0.959433690061246,19,46502,0
C1276,1532,79,0.8846236080201776,58,42964,1
C1277,4421,91,0.4948208867461764,41,49089,0
C1278,3931,67,0.7932034676811492,48,26720,1
C1279,2885,95,0.5145167146818244,19,43983,0
C1280,4131,72,0.9411442807464379,23,40843,0
C1281,1680,69,0.709278791675965,40,22768,0
C1282,1631,101,0.9007887180819554,10,5957,0
C1283,4867,68,0.47764060314368106,11,20668,0
C1284,1700,103,0.3352216101745943,54,38321,0
C1285,1889,95,0.7105836481920237,46,16328,1
C1286,2863,84,0.9570671135130225,28,19587,0
C1287,1412,77,0.4278944871878597,23,12625,0
C1288,2202,77,0.8463019623415704,13,23892,0
C1289,1445,70,0.39157573190011485,13,2549,0
C1290,2811,74,0.8543161146653261,42,22715,1
C1291,738,86,0.6547257062039932,23,17972,0
C1292,1999,108,0.7794545479515671,35,45925,0
C1293,3414,88,0.26554619179910977,19,43516,0
C1294,3261,67,0.7820597047082056,30,42245,0
C1295,3731,91,0.6933560555371452,48,32426,1
C1296,2001,91,0.590714500202307,47,42108,0
C1297,4734,86,0.13139626880354108,42,40793,0
C1298,1356,115,0.6351805142447946,37,48470,0
C1299,3346,74,0.3650712136591917,36,40719,0
C1300,4624,76,0.5868773905215265,7,41084,1
C1301,1270,83,0.6357430776967115,19,21359,0
C1302,600,78,0.6806435655046686,55,49336,0
C1303,756,100,0.4887948733975367,55,36759,0
C1304,1003,62,0.1936933129500008,30,4188,0
C1305,4893,62,0.9567618466292139,8,10039,0
C1306,2837,90,0.6339755723113101,15,27131,0
C1307,2485,104,0.5633053519679613,32,34803,0
C1308,4448,103,0.1511955309414439,54,25048,1
C1309,3123,88,0.5727599625982871,22,21946,0
C1310,1604,78,0.7308761800962114,29,18379,0
C1311,2765,89,0.6131223407521157,32,20079,0
C1312,680,119,0.13819213391906304,7,44382,0
C1313,780,90,0.617088207329374,6,14857,1
C1314,3690,107,0.6559469015965919,26,30956,1
C1315,4789,87,0.5552294429115893,34,17757,0
C1316,1569,107,0.4043156001394336,32,22680,0
C1317,2701,100,0.4896185369765479,10,40916,0
C1318,3611,82,0.7129169166399835,44,22976,1
C1319,1833,77,0.4427243636630174,25,2603,0
C1320,4432,110,0.6020460975049022,14,6205,1
C1321,1507,92,0.34593912451363773,35,44778,0
C1322,2982,71,0.3438436676048295,22,22921,0
C1323,2526,64,0.9165364904158596,7,24257,0
C1324,2999,83,0.9416259686248242,13,36904,0
C1325,2340,64,0.34671303008302556,45,16047,0
C1326,3263,77,0.6472011363002996,38,30743,0
C1327,1910,101,0.9316024926101173,50,48656,1
C1328,2155,84,0.19447567939894303,47,11731,0
C1329,3714,83,0.6613816669432996,25,15724,0
C1330,1793,87,0.8466633828007784,17,24761,0
C1331,2567,76,0.984117598970825,46,45063,1
C1332,676,65,0.7149050230222763,10,27823,0
C1333,2699,113,0.9993914511178329,35,43717,0
C1334,3988,80,0.23659472050887284,13,21466,0
C1335,3230,75,0.30161947266802847,31,20616,0
C1336,4272,78,0.1170097563511831,16,21326,0
C1337,3971,82,0.4322007540034176,12,2664,0
C1338,2799,68,0.7168985289024111,45,6760,1
C1339,3591,97,0.9893269387784173,8,37274,1
C1340,3169,90,0.9816557750471148,55,39363,1
C1341,4656,91,0.135966928220101,17,12885,1
C1342,4945,81,0.6748088405798498,48,10815,0
C1343,3279,60,0.11102763926000084,26,24680,0
C1344,4350,115,0.5116904895498148,16,11667,1
C1345,3748,96,0.4335712193796126,30,4038,1
C1346,2516,83,0.9161146026806566,39,48432,0
C1347,2133,71,0.24138484118512715,39,48168,0
C1348,2560,114,0.6666410101132167,24,34219,1
C1349,4244,119,0.4848391798903361,10,16083,1
C1350,3946,116,0.6944235242877641,14,13968,1
C1351,3566,72,0.8718248245015076,35,47494,1
C1352,3930,66,0.9028663806078584,35,33967,0
C1353,2757,106,0.3424888035807503,27,8260,0
C1354,1297,64,0.9010677528422395,11,37282,0
C1355,3257,119,0.16877089561012365,52,26021,1
C1356,1204,98,0.8694845429735131,17,32397,0
C1357,4876,87,0.8447776944740258,54,47151,1
C1358,2094,116,0.5097677856287598,37,25054,0
C1359,2237,62,0.6804096449916569,55,3495,0
C1360,2778,92,0.21814795773306728,30,35824,0
C1361,2920,79,0.26577440999051916,56,18966,0
C1362,2634,68,0.6453107135867763,20,35274,0
C1363,4385,112,0.2673458032615003,36,23411,0
C1364,4040,77,0.7275618772027539,49,20957,1
C1365,4693,108,0.4386001860777269,45,5084,1
C1366,1172,91,0.8306846490150303,23,12671,0
C1367,2479,105,0.6265437802955336,33,6894,0
C1368,1896,60,0.9207567623968393,23,33617,0
C1369,1162,90,0.6704367242012216,13,36254,0
C1370,4347,74,0.4867314884090861,48,41286,0
C1371,1067,91,0.5430951115601785,31,28254,0
C1372,3802,60,0.21967683574040991,37,41006,0
C1373,4501,100,0.5354773448522687,27,31108,1
C1374,1760,80,0.6075454863122202,22,21701,0
C1375,2508,109,0.31436008799343007,36,34400,0
C1376,1241,86,0.5455632080601692,9,47760,0
C1377,852,74,0.5821899331228395,19,20640,0
C1378,1231,105,0.22717146524148885,7,29224,0
C1379,3334,115,0.9468687812775027,15,5022,1
C1380,3668,102,0.6341699314885039,36,33022,1
C1381,4123,105,0.891021777952711,8,42489,1
C1382,2973,83,0.9142056690980249,45,17643,1
C1383,4524,70,0.6443092829468375,9,13175,0
C1384,2609,95,0.7392409665581195,37,17661,0
C1385,3357,100,0.847101974116133,58,22296,1
C1386,4649,109,0.6208944057411557,23,21308,1
C1387,1852,117,0.25573900939379896,7,2684,0
C1388,588,84,0.21668830064263506,50,46484,0
C1389,2401,91,0.6137820563690872,9,29813,0
C1390,3114,117,0.7796729041435125,18,23661,0
C1391,1732,64,0.636594039212793,31,40675,0
C1392,2340,117,0.9261500011005385,15,9298,0
C1393,2952,77,0.7081470804379072,21,6212,0
C1394,1755,85,0.2608100967321557,41,46626,0
C1395,2461,60,0.1105377927265356,35,3590,0
C1396,3077,94,0.959212950214094,22,11119,1
C1397,2335,99,0.9972767066213488,35,23148,0
C1398,4906,77,0.9115973678957451,49,8498,1
C1399,4315,64,0.15974435270595197,50,39376,0
C1400,1894,102,0.8151419805544344,24,32555,0
C1401,2829,76,0.13330739164262512,56,33770,0
C1402,2180,108,0.28584779690379597,10,5139,0
C1403,4373,79,0.163896262951884,23,27391,0
C1404,1327,77,0.23380347199927026,54,20861,0
C1405,4681,63,0.8176133577715078,18,15172,0
C1406,1383,109,0.24468341980394562,40,1415,0
C1407,2305,72,0.5534592518215747,37,9010,0
C1408,3719,85,0.599185746397594,30,41424,0
C1409,594,115,0.10076002550806334,30,14137,0
C1410,957,71,0.7439505507688982,8,21661,1
C1411,1706,71,0.1475768093438208,7,39048,0
C1412,1036,119,0.603942875760875,16,43337,0
C1413,549,64,0.8857050903337327,47,23582,1
C1414,4224,96,0.1951075128989232,53,23645,1
C1415,1086,61,0.3932300346251576,38,35102,0
C1416,1873,110,0.22578606355726466,36,16062,0
C1417,1265,77,0.36764596004576955,6,22734,0
C1418,2727,112,0.33741835165161405,19,15390,1
C1419,3607,82,0.9419401234256852,53,36326,1
C1420,1970,66,0.2239994764094299,40,3373,0
C1421,3177,100,0.20854777804997074,38,27530,1
C1422,932,75,0.7469679030067928,28,9836,0
C1423,4496,119,0.23145536377423423,33,5962,1
C1424,4969,66,0.14878300960490973,20,46944,0
C1425,2422,81,0.25538595492866845,13,43634,0
C1426,2766,63,0.4040133006327712,11,21752,0
C1427,4448,91,0.9457165224758404,45,12365,1
C1428,1894,76,0.2121462552374087,58,35119,0
C1429,2790,96,0.5018637925769569,25,31060,0
C1430,4852,67,0.5442710375371582,53,11368,0
C1431,2356,73,0.7751761512949179,52,34138,1
C1432,1030,77,0.3859972034646465,42,28251,0
C1433,4889,118,0.7673366038499682,27,30853,1
C1434,1974,77,0.6892575691742551,39,44151,0
C1435,2452,68,0.29656128508737867,19,8649,0
C1436,2744,92,0.5178457601330833,51,32319,0
C1437,4762,108,0.8807217729994541,49,4966,1
C1438,4822,80,0.12158750022073198,9,33149,1
C1439,3359,117,0.1092563112965762,34,35187,1
C1440,3239,111,0.6240683231721177,50,22609,1
C1441,3851,87,0.4729955347551097,11,43865,0
C1442,3421,84,0.6193954755237117,20,12387,0
C1443,1685,119,0.1600793976926864,35,46708,0
C1444,2871,90,0.8778722186418644,7,15106,0
C1445,1909,63,0.44350185210621673,14,4464,0
C1446,4902,73,0.2643885196797767,58,20073,0
C1447,1586,85,0.14751144022494872,27,11638,0
C1448,1581,74,0.16724506806481537,15,35348,0
C1449,636,89,0.8159937025440185,17,6453,0
C1450,4384,64,0.6273256754057978,16,29313,0
C1451,3918,93,0.24163818223207997,31,49761,1
C1452,4341,110,0.7133135469644658,17,1619,1
C1453,2246,83,0.8793057739314112,15,31177,1
C1454,1302,96,0.14244412508060197,34,47951,0
C1455,2334,85,0.43089461185521527,57,42720,0
C1456,1384,93,0.5376444837824113,50,12087,0
C1457,1061,65,0.6785107443501821,49,11458,0
C1458,2217,106,0.9522693985268706,31,30809,0
C1459,1056,83,0.7161789380924447,57,5743,1
C1460,2059,76,0.9364005326537463,29,20949,1
C1461,3071,97,0.4761889931805575,48,41443,1
C1462,3528,108,0.6444464953300564,47,23512,1
C1463,4504,79,0.9830360217301154,15,23437,0
C1464,3245,62,0.8587845760768491,23,38110,0
C1465,858,108,0.34829172948347814,39,21047,0
C1466,1454,77,0.8942605071258694,54,21609,1
C1467,3068,100,0.7420053543704115,19,28280,1
C1468,3712,109,0.6610216040257814,42,49303,1
C1469,4981,105,0.6872061545984236,26,8365,0
C1470,4394,113,0.2694315481194959,37,23551,1
C1471,673,74,0.8653651288562639,59,9375,1
C1472,4115,92,0.6610339862642025,43,44088,1
C1473,2920,76,0.5687589953802233,55,41409,0
C1474,2680,69,0.625825920987268,41,2775,0
C1475,1979,75,0.4956147282212364,42,16788,0
C1476,2054,114,0.16579239522178957,29,44783,0
C1477,3011,113,0.9784739448432902,27,8085,1
C1478,1814,107,0.3013796938706996,14,27590,0
C1479,4177,64,0.9548446247520118,59,3766,1
C1480,1856,77,0.47027969644089174,55,19298,0
C1481,1867,95,0.5504549944545672,45,46685,0
C1482,584,110,0.8787405172386245,30,1543,1
C1483,3461,90,0.7857236263638328,26,26393,0
C1484,2801,114,0.23930155915163653,31,14036,0
C1485,3937,78,0.6320636834440579,51,28531,1
C1486,4130,100,0.47062115334687027,33,35637,1
C1487,876,91,0.6278620058138208,38,46164,0
C1488,1620,72,0.9923919534290915,43,4021,1
C1489,884,94,0.5336415193473675,48,37068,0
C1490,1960,96,0.814145365292469,45,16745,1
C1491,4634,86,0.9931396184582625,15,48139,0
C1492,1169,92,0.4535897109981629,10,46564,1
C1493,2287,60,0.6296298723129505,39,37741,0
C1494,3784,77,0.6981480235024653,17,43418,0
C1495,1386,99,0.5168871570907297,56,9361,0
C1496,3664,108,0.2061615300005553,25,44173,1
C1497,3903,105,0.9777981878565366,52,34816,1
C1498,4165,112,0.18316831360072927,15,13221,1
C1499,1218,61,0.734955646031302,21,44282,0
C1500,935,66,0.6162745231375082,45,39621,0
