Flight_Hours,Temperature,Vibration,Component_Age,Failure,Predicted_Failure
4742,101,0.8600367704584966,37,1,1
4236,60,0.6856747564905947,25,0,0
2093,71,0.5351495953915184,28,0,0
4477,114,0.3581325234446464,53,0,0
1889,78,0.22196680333532273,17,0,0
2689,86,0.20314482948528942,30,0,0
4699,118,0.42291089509311297,13,0,0
884,119,0.6197224968868301,19,1,1
2170,80,0.5925897287985127,15,0,0
3067,93,0.9556829722813891,41,1,1
3385,109,0.16651226281099785,33,0,0
3074,84,0.40391663195215033,10,1,1
2568,98,0.19157640519060978,46,0,0
4651,108,0.46207721935209245,59,0,0
616,111,0.13873857531802253,17,0,0
4270,75,0.9865561565861345,42,0,0
2391,88,0.5242469244554956,20,0,0
2104,65,0.6384071289568497,12,0,0
727,94,0.8713187044773835,22,0,0
3093,71,0.11721201940189135,22,0,0
2454,112,0.42613948864081275,16,0,0
994,85,0.852608365576624,36,0,0
2030,72,0.36519872843453904,50,0,0
1681,62,0.17048760448721884,10,0,0
4625,112,0.8376959785079181,6,0,0
2204,89,0.5487839032596101,15,0,0
3310,98,0.5651630287008744,22,1,1
3732,85,0.5054827170996372,22,0,0
3921,114,0.6286294328651322,35,0,0
2883,105,0.8656424556839957,41,0,0
2849,113,0.24121947746099665,21,0,0
2791,81,0.9482218681530797,37,0,0
4162,101,0.5596198451052995,43,0,0
4574,87,0.6806080028318886,56,0,0
983,114,0.27518034657401425,23,0,0
2018,78,0.2521679400721144,10,0,0
4338,97,0.2964855789424463,17,0,0
2540,63,0.6818828324116989,6,0,0
669,113,0.29629808230743127,43,0,0
2423,98,0.7641438756272356,37,0,0
1117,107,0.7713094959519604,27,0,0
914,61,0.8753285683285392,39,0,0
1982,73,0.9375460912534628,32,0,0
4050,115,0.6098361122545483,58,1,1
1411,105,0.5924046492983484,7,0,0
4580,113,0.4817653373679487,56,0,0
1850,116,0.5341682655984148,47,0,0
2183,106,0.3119742278851296,52,0,0
4839,89,0.6291218415563455,44,0,0
971,87,0.6153196703142847,37,0,0
4745,77,0.9670180810613973,49,0,0
4443,82,0.7927942130490215,59,0,0
1197,72,0.6724491546209501,23,0,0
1753,108,0.7838855637304363,54,0,0
1517,61,0.541196125327031,46,0,0
594,100,0.6097679475568615,11,0,0
1542,77,0.2536073429714203,19,0,0
4364,67,0.19553538288968383,28,0,0
3954,86,0.5008309423761202,12,0,0
4512,110,0.3962573067083506,36,1,1
3191,87,0.2831493737780762,13,0,0
4714,87,0.9098268961871618,53,0,0
3877,96,0.9073324743956932,52,0,0
2887,111,0.23811342662940674,59,0,0
1691,78,0.8139441503207967,37,0,0
770,65,0.9508725943567043,54,1,1
1468,111,0.9840900856502919,24,0,0
2856,73,0.9793489262412861,32,0,0
4298,76,0.32148661407905055,51,0,0
4934,105,0.9362190291477224,19,0,0
3562,78,0.9348377780064221,23,0,0
619,115,0.12048590496255111,30,0,0
2474,105,0.8179800601095554,29,0,0
3233,86,0.7954685310145161,35,1,1
2261,113,0.24588824507890777,22,0,0
3939,112,0.7442980928006304,57,1,1
836,119,0.21314118060824927,53,0,0
1277,119,0.4474715966778874,54,0,0
850,76,0.8872392182119629,30,0,0
4999,84,0.1099585175006853,44,0,0
1572,106,0.7263361946701626,24,0,0
1498,116,0.48036472626217874,25,0,0
4054,98,0.37741492103600704,56,0,0
732,106,0.885566471001246,16,0,0
4239,93,0.12250248432927832,54,1,0
932,102,0.7899226162630891,57,0,0
2271,103,0.9048336444623583,46,0,0
3480,85,0.8148692904264577,48,1,1
4786,112,0.43155288670555403,20,0,0
671,63,0.6470791033749284,48,0,0
1921,80,0.33898273683803976,44,0,0
1693,116,0.43227092941385736,54,0,0
886,83,0.552862615572239,44,0,0
4237,84,0.7819860327135904,57,0,0
3472,115,0.6058937757538156,12,0,0
587,76,0.5636172953340732,36,1,1
3709,74,0.3360515799534912,45,0,0
2266,103,0.5085261329334251,45,0,0
3970,86,0.6072338970246979,35,0,0
2854,66,0.34987626582277687,44,0,0
1716,60,0.36565806425763825,10,0,0
1069,80,0.20865459536698222,42,0,0
1287,62,0.3045636687783214,24,1,1
2634,92,0.1478659081292866,52,1,1
3613,111,0.8887227606252356,41,1,1
1149,66,0.906464248664828,37,0,0
963,63,0.8526609255793306,38,0,0
4976,91,0.2352900876543418,44,0,0
3965,104,0.7493193377137811,52,1,1
2804,68,0.7822784767887189,51,0,0
4293,115,0.1859236497625973,49,0,0
1407,69,0.4916613014497404,46,0,0
3895,83,0.6501800810704893,53,0,0
2879,85,0.40721199982665346,43,0,0
2322,92,0.5417579451829992,46,0,0
529,106,0.38151148428435055,51,1,1
1025,103,0.3086718659445846,20,0,0
3726,81,0.6003025976713238,6,0,0
1522,74,0.3354531410736943,12,0,0
714,95,0.9705023005181416,12,0,0
4363,90,0.4865085977051221,36,0,0
1352,83,0.4761346828809433,35,0,0
2120,118,0.9851469379293092,42,0,0
4245,110,0.6400743698538256,50,1,1
3857,89,0.4661211001180937,25,0,0
4310,79,0.6908242054955012,24,0,0
3576,95,0.33697071507291027,9,0,0
580,98,0.2953055466970858,43,0,0
1134,114,0.43782167439065756,16,0,0
1973,80,0.789076003603271,35,0,0
3751,92,0.5809057217984173,58,0,0
1279,81,0.3990012709760826,48,0,0
1459,80,0.22536212834593672,10,0,0
1554,116,0.5477814138593712,59,0,0
1047,67,0.823238394369507,56,0,0
986,109,0.22139028237297448,11,0,0
3965,68,0.6085524523892184,54,0,0
4397,116,0.9025337703137902,11,0,0
2992,104,0.38324798304950647,46,1,1
2613,112,0.7449374776334242,37,1,1
3248,60,0.7889360744721762,37,0,0
1082,62,0.5239343082667077,26,0,0
1595,90,0.3866029743576799,57,0,0
4509,92,0.9074149217483165,14,0,0
811,110,0.7521783381958513,46,0,0
3302,85,0.9528470723068692,43,1,1
1326,87,0.1634143168466462,29,0,0
1411,84,0.7696998929034371,32,0,0
2035,82,0.9548721623529554,39,0,0
4706,76,0.7130679449320236,10,1,1
1093,70,0.663503334342145,18,0,0
3335,97,0.2256499657823875,9,0,0
3840,89,0.5682447763267524,25,0,0
3917,106,0.9401114409903119,50,0,1
4607,85,0.37037056021785486,21,0,0
2136,65,0.7474143468198173,35,0,0
4790,89,0.19618455958515885,10,0,0
1711,69,0.8414836802715626,48,0,0
1370,84,0.911963519868665,55,0,0
3895,106,0.8028778395138815,35,0,0
4520,62,0.8721838867491134,22,0,0
4037,68,0.6767964204440593,22,0,0
1567,94,0.2923487616386323,34,0,0
2751,84,0.25434268495163603,42,0,0
3367,75,0.6486859676809558,34,0,0
4568,85,0.5440060296498752,22,0,0
3901,106,0.5556048517844758,50,1,1
833,62,0.9720268474332835,46,1,0
3067,117,0.18575871533779198,59,0,0
1715,61,0.8712378823803658,45,0,0
2803,111,0.4842383877600236,34,0,0
1018,118,0.4478349152546147,42,0,0
3023,67,0.8662392056201903,54,0,0
3382,77,0.9685568164819727,26,0,0
4489,81,0.19329929352099143,50,0,0
701,61,0.18335895889798154,11,0,0
3415,77,0.8346045858909605,53,0,0
2450,114,0.19830748144844684,28,0,0
3478,83,0.6012702459731274,12,0,0
4677,98,0.5893203548724205,38,0,0
3673,105,0.4687393798798156,23,0,0
1564,88,0.14202439713556736,12,0,0
4795,97,0.7044211399369603,57,1,1
2090,71,0.6220507320630477,52,1,1
1353,109,0.30729956222793725,28,0,0
1061,117,0.327500656134051,36,0,0
2256,96,0.2556766266612582,27,1,1
3744,81,0.5111923267025856,51,0,0
1281,99,0.917781104363234,30,0,0
2351,68,0.7924198892530567,13,0,0
2438,61,0.7342152044600737,25,1,0
3453,71,0.7498292817662993,44,0,0
2311,100,0.4387400867063417,14,0,0
4536,93,0.780593938620058,50,1,1
1353,102,0.6489661092244798,43,0,0
1383,92,0.9210577238181755,23,0,0
2153,75,0.26361247092760576,20,0,0
2563,104,0.13739816915956188,35,0,0
1444,95,0.5200198818584592,34,0,0
807,118,0.11706369693738028,17,0,0
1244,80,0.22365851365295042,15,0,0
744,106,0.9021645782155668,55,0,0
1352,70,0.38220397179614984,55,0,0
3989,84,0.8412160721932784,47,0,0
2895,94,0.9712873560588182,59,0,0
4096,73,0.977165997911092,56,0,0
1373,114,0.9081759880799904,13,0,0
4903,74,0.28464909518699455,10,0,0
4560,65,0.9845896081965005,9,0,0
3844,118,0.22155401003057473,50,0,0
2175,94,0.6865722469829841,12,0,0
3826,77,0.5321578195846831,31,0,0
4579,70,0.24803851344296926,52,0,0
3460,72,0.22127530333367812,18,0,0
2591,91,0.9695962438014437,37,0,0
3212,81,0.8031195881460507,15,0,0
1544,114,0.37197383877556256,32,0,0
4945,112,0.19683657903472018,8,0,0
3265,91,0.9927788418877351,58,1,1
570,85,0.2279883684743373,52,1,1
1306,116,0.7279393238700146,30,1,0
4942,63,0.6109503484523022,38,1,1
1197,108,0.710851884666045,26,0,0
2315,77,0.713555135500521,8,0,0
2566,86,0.10230755310355269,57,0,0
4999,64,0.5173099065550928,41,0,0
1374,68,0.575455622806566,25,0,0
2954,72,0.9475620388693653,31,0,0
4157,95,0.3959594848886555,20,0,0
4343,94,0.7077971198463534,6,1,1
1124,90,0.24058495699461768,42,0,0
699,78,0.8618995862821884,8,0,0
790,67,0.7502739994784461,18,0,0
1580,76,0.7011244053677999,55,0,0
1103,60,0.9292153814234011,32,0,0
3509,101,0.5335726603815494,13,0,0
1968,95,0.7134540301482514,43,0,0
4743,67,0.625868615979901,13,0,0
1495,69,0.4011248572480255,20,0,0
1384,87,0.5074159823819008,15,0,0
1230,91,0.6339857563583494,51,0,0
3084,112,0.6528378501753853,20,0,0
4635,85,0.5237302698968809,30,0,0
1889,98,0.669680442971665,52,0,0
1465,73,0.1497268292268744,44,0,0
3448,111,0.9189965475733471,36,0,0
4131,61,0.6426163869717691,21,0,0
3384,119,0.8956956791075641,20,0,0
2807,75,0.5916606079499973,19,0,0
2416,95,0.5568959026432266,48,0,0
2715,109,0.4623647369887083,52,0,0
4698,112,0.9585371096360112,44,1,1
1563,91,0.3930609547822945,45,0,0
3685,60,0.8798670204121664,8,1,1
3830,91,0.3222545572439929,34,0,0
2416,100,0.7535463808828046,48,1,1
3336,100,0.4180706078813029,50,0,0
3253,109,0.22472346354942468,12,0,0
1742,96,0.23864812280733994,30,0,0
3171,106,0.8236952820141137,46,1,1
3708,99,0.8280500027261577,51,1,1
4819,92,0.8202228368530512,40,1,1
3689,64,0.8979366017599966,23,0,0
1001,101,0.3980470125191491,19,0,0
4461,111,0.22968605211681364,10,0,0
2784,60,0.32643038343962555,25,0,0
3189,88,0.8759640957768956,34,0,1
3447,84,0.5449897597563926,46,0,0
2361,93,0.567298495429448,30,0,0
3741,113,0.14791111938817797,23,0,0
3488,73,0.27226994954437633,55,0,0
3799,91,0.6315386709046606,37,1,1
3007,80,0.5787033128866335,28,0,0
3130,91,0.6228159697779774,24,1,1
4230,73,0.3258062785129193,41,0,0
680,66,0.17022757535677258,35,1,1
1167,102,0.7406494590328883,38,0,0
2911,104,0.24667893754661893,58,0,0
2686,117,0.7018347361685467,16,0,0
2317,111,0.5011913030225502,9,0,0
827,72,0.9516602647733576,32,1,1
2359,82,0.6155363056564671,19,0,0
1922,61,0.13524356417090666,28,0,0
3005,78,0.18435356153258908,40,0,0
3406,97,0.5287781932731853,31,0,0
4800,66,0.922031324567055,54,0,0
3023,65,0.9824861663852694,29,0,0
3676,96,0.9417312881873432,13,0,0
4662,116,0.6760807715111175,45,1,1
952,106,0.42957981381091415,26,0,0
4908,108,0.5908376338192447,16,0,0
2649,86,0.8408201684430358,26,0,0
4071,64,0.5578396681147881,27,0,0
3056,105,0.8360950023894487,16,1,1
998,102,0.8814147143917974,26,0,0
1519,72,0.39168257640074977,21,0,0
1700,63,0.41864439918198204,28,0,0
3239,117,0.38409225578206996,29,0,0
3232,111,0.45032718566176133,55,0,0
1748,87,0.7695440696745689,25,0,0
1758,61,0.23713823572286527,35,1,1
640,104,0.9230286220129386,40,0,0
3013,114,0.6369868842427483,13,0,0
4573,63,0.825930548198969,45,0,0
2119,112,0.37462381197710204,33,0,0
2703,61,0.5290547578312046,59,0,0
3038,74,0.5631954813865915,27,0,0
863,114,0.5049398697307574,40,0,0
4970,116,0.13005028523939774,24,0,0
3346,60,0.9462091831718843,9,0,0
1371,85,0.2804946293090854,8,0,0
3734,94,0.9507727384632311,42,1,1
2557,82,0.8053987635747649,12,1,1
888,118,0.7007674107614956,55,0,0
2033,83,0.5481071385489,58,0,0
693,75,0.3762729465669886,23,0,0
4782,70,0.9942673896039962,52,0,0
831,110,0.7201474981782396,14,0,0
4739,83,0.13061565573618938,9,0,0
4346,98,0.730030208662045,48,1,1
1235,101,0.9106970610023899,55,0,0
3444,110,0.4670407407847017,26,0,0
1430,112,0.2930496316764208,42,0,0
4351,89,0.31879271219504624,38,0,0
2739,102,0.7939809383790859,43,0,0
2192,83,0.10917163476816646,31,0,0
848,69,0.9465669337948808,58,0,0
539,103,0.19257283640335954,25,0,0
1015,78,0.8681324560219217,33,0,0
1918,101,0.8759565940642668,41,1,1
4813,118,0.26835493284225226,36,0,0
4159,79,0.7991466178690508,14,0,0
1994,78,0.6452259520054688,29,0,0
1408,102,0.7720365311469967,57,0,0
3800,109,0.9773250716484719,50,1,1
3598,76,0.9249340454409609,21,0,0
3529,112,0.62932526222085,20,0,0
2179,72,0.6969921273426415,32,1,0
902,99,0.17432704183755265,24,0,0
2640,116,0.30076555408266437,16,0,0
590,104,0.3229023661504572,17,1,0
3098,96,0.18028144048602923,9,1,0
3753,66,0.1942372327490346,6,0,0
1828,83,0.5116954886668883,44,0,0
1577,75,0.5185225379651879,9,0,0
1640,82,0.6062268475989905,14,0,0
1105,113,0.3460800039795808,15,0,0
2954,86,0.23044948539141946,42,0,0
3843,81,0.7343585123172983,40,0,0
1346,74,0.3116733920068523,33,0,0
3376,62,0.19217404879051897,32,0,0
4400,91,0.29442849146812144,18,1,1
4773,83,0.7230945213727282,28,0,0
2032,115,0.7080880518089934,18,0,0
4663,92,0.6933496777525249,18,0,0
4997,100,0.2223409194609467,11,0,0
1753,106,0.17152233328097694,35,0,0
4949,77,0.2722289469091305,58,0,0
4543,77,0.5714296269801198,58,0,0
2436,111,0.5481699208251256,30,0,0
2749,74,0.4564634276919396,54,0,0
1929,85,0.5805316645352901,19,0,0
2974,98,0.9337649207183474,33,1,1
4342,71,0.9806813833150976,59,0,0
4744,105,0.87311187768312,44,1,1
2750,84,0.996592614120993,49,0,0
2037,106,0.5723345160553163,29,0,0
1039,91,0.7633499915866429,53,0,0
2469,102,0.42419818930309217,43,0,0
2901,106,0.794499993202191,46,0,0
3961,98,0.5720442904024508,46,0,0
4989,89,0.640845528420621,57,0,0
543,105,0.2030574002437976,57,0,0
1295,97,0.6859921237098554,26,0,0
865,92,0.6813592004356414,50,0,0
3805,107,0.5498406329767404,31,0,0
2553,109,0.983202567969068,36,0,0
3790,69,0.15917300126052575,17,0,0
612,92,0.5777315494854772,24,0,0
1502,89,0.15647256456934563,23,0,0
4169,117,0.5044234455655416,38,0,0
3332,88,0.4103410862950062,13,0,0
1318,72,0.5643697078187194,6,1,1
2415,116,0.7902638129858843,35,0,0
1766,73,0.6872302101145754,12,0,0
2316,91,0.20866323292694516,52,0,0
1635,119,0.372231633122154,43,0,0
791,96,0.4796663078205611,29,0,0
1747,85,0.9572558183872114,26,0,0
1332,108,0.11309862184926406,53,0,0
1070,64,0.49106738128566774,18,0,0
3752,66,0.3944622677747285,30,0,0
2952,87,0.5957263795493778,54,0,0
2476,75,0.15667576282154214,49,0,0
2691,80,0.619664068364911,56,1,0
3649,81,0.35480717736335854,10,0,0
3951,103,0.5682782693973988,12,0,0
1201,104,0.7058222659828819,40,0,0
3083,72,0.5904749988638802,11,0,0
1928,97,0.9236023987912733,10,0,0
4322,76,0.19047391226419497,8,0,0
2019,119,0.5000627707143328,9,0,0
2487,93,0.3414350910795026,51,0,0
4294,110,0.9107693815127944,53,1,1
3718,62,0.7601427880283422,46,0,0
949,108,0.382201612768423,13,0,0
2973,114,0.5251950335378301,30,0,0
3279,93,0.5152432768789026,12,0,0
958,69,0.9897238853312762,9,0,0
4793,81,0.41547326789509875,51,0,0
4596,61,0.31007622392143847,56,0,0
1430,84,0.592936484980551,48,0,0
3995,94,0.6875140582387463,59,1,1
2255,117,0.5832354774293651,10,0,0
3228,103,0.10077984705445539,37,0,0
1873,114,0.9706263995160197,36,0,0
4911,63,0.7607074935550823,23,0,0
3970,69,0.342476612045879,7,0,0
1166,97,0.12142938796882467,49,0,0
2598,89,0.8845407240332278,10,0,0
1448,95,0.8077098078356669,24,0,0
3238,61,0.5457685395732907,24,0,0
1764,78,0.6773628062036211,59,0,0
1502,69,0.42701359810710515,21,0,0
4076,79,0.16481108114049448,25,0,0
3040,94,0.2537069704477487,15,0,0
3010,103,0.7863217972571692,51,1,1
4669,88,0.6429764863532323,7,0,0
4286,95,0.8884626770839814,40,1,1
1966,65,0.9546167922093514,55,0,0
2131,98,0.8856148989111128,52,0,0
4470,119,0.4180492974007911,42,0,0
3765,72,0.1312216972908157,23,0,0
3180,112,0.32831935530381723,32,1,1
2878,72,0.21825561729844312,55,0,0
2424,105,0.27883230147714344,54,0,0
508,104,0.6696387912333648,45,1,1
2714,69,0.6639290853983099,14,0,0
2156,107,0.838780144065901,42,0,0
1833,70,0.5439903778376614,50,0,0
3716,93,0.12589702664054936,32,0,0
1031,81,0.42912726275435586,33,0,0
1855,84,0.8355983649108614,18,0,0
4908,81,0.3794953730199041,56,0,0
890,118,0.3906391219963945,36,0,0
3328,112,0.26938728287129665,56,1,1
547,98,0.8705201079572744,44,0,1
4115,92,0.14836361363721395,29,0,0
3625,63,0.5257777135829739,51,0,0
4649,74,0.6110167649055164,15,0,0
3109,82,0.7382543754867733,25,0,0
3759,106,0.214022557965577,48,0,0
1379,85,0.5178790009192247,54,0,0
1064,61,0.6770435449118554,49,0,0
3417,87,0.44815176219466135,11,0,0
3847,62,0.3962166383593534,29,0,0
4974,115,0.24771829630637127,7,0,0
4994,91,0.7981983265080144,12,0,0
4569,104,0.26578699790568266,55,0,0
2564,108,0.942021057894935,44,0,0
4765,76,0.2438774698189065,23,0,0
3034,83,0.9390573684440684,36,0,0
1886,108,0.3032451352038255,51,1,0
4938,109,0.9358632103762426,21,0,0
1742,111,0.39244857706162994,6,0,0
2493,114,0.7398057186686952,24,0,0
891,107,0.7436368472211508,59,0,0
2631,93,0.676723626625203,43,1,1
3577,112,0.483335959539412,41,0,0
3799,72,0.110592499763671,19,0,0
1495,113,0.8271265753922726,58,0,0
4016,74,0.6660663953832044,54,0,0
3462,106,0.9873340831482199,44,1,1
2158,107,0.19200167484103586,23,0,0
1223,79,0.41412520696595456,9,0,0
728,100,0.8713496296450165,7,0,0
4572,111,0.5744294999794409,16,0,0
4965,89,0.8559023417262378,22,0,0
940,80,0.7154933499322219,46,0,0
3365,116,0.6019992986860958,31,0,0
3383,85,0.23841613064632738,52,0,0
2878,84,0.965979131738271,17,0,0
3441,73,0.8609898199778575,18,0,0
2460,67,0.3767653274939614,12,0,0
4908,119,0.3015196448330475,44,0,0
2667,101,0.9422155331507011,19,0,0
4010,97,0.12372971869343105,13,0,0
1040,118,0.7052827174476712,54,0,0
1993,60,0.267020077662227,34,0,0
4165,87,0.91456108527714,36,0,0
3315,107,0.7820611322146879,6,0,0
1272,109,0.4434346000968603,21,0,0
797,66,0.2014330340023251,11,0,0
4827,104,0.20349821841817103,59,0,0
1590,81,0.21426168012976837,14,0,0
4050,110,0.13092703438855838,16,0,0
729,111,0.36116869054118506,22,0,0
1404,72,0.6460369073667718,7,0,0
4953,100,0.3693104652441711,17,0,0
2626,85,0.4008587643967271,28,0,0
1542,99,0.829020397708563,56,0,0
2261,112,0.5633142537543847,33,0,0
2559,95,0.6391127467652488,25,0,0
4071,98,0.13583473166432378,51,0,0
3108,109,0.5349681962332081,27,0,0
3911,80,0.6211805462754674,33,0,0
3295,69,0.7179492395356063,21,0,0
2904,100,0.6838581864707814,12,1,1
4991,112,0.63368053574978,11,0,0
2497,103,0.18985643313788508,17,0,0
1540,85,0.11061122910790362,7,0,0
2618,84,0.5959311462538037,57,0,0
2021,81,0.42698173686444496,39,0,0
4147,112,0.3571722662736848,22,0,0
4567,84,0.33875494466649625,19,1,0
4967,64,0.4320705978221101,44,0,0
1867,72,0.3490859996568917,45,0,0
605,102,0.47805412718910134,44,0,0
1166,88,0.7929349673450136,9,0,0
3836,88,0.9545322478169719,25,0,0
778,108,0.23409324093597236,29,0,0
3430,73,0.28391231628913427,34,0,0
3380,73,0.4249726103479392,15,0,0
3968,72,0.8248583953583651,29,0,0
930,61,0.9970891037990167,12,0,0
1826,86,0.301044550065535,57,0,0
2237,82,0.6062442780223701,23,0,0
1984,67,0.38313587713102726,47,0,0
4792,112,0.46104080078365217,32,0,0
3871,87,0.12419050104882244,39,0,0
1633,83,0.7787427373077093,57,0,0
1867,115,0.3371122750105161,44,0,0
3640,86,0.5643005278820217,15,0,0
1202,105,0.9052753662657664,9,0,0
4901,65,0.7574832291083281,42,0,0
2098,104,0.7510175268305754,29,0,0
3008,96,0.5729067616031498,51,0,0
2256,67,0.42560585148748586,53,0,0
2484,63,0.16885268497211287,8,0,0
2176,66,0.4924706726366166,7,0,0
1191,118,0.5569563351014432,29,0,0
1669,89,0.1978258327962934,52,0,0
4440,79,0.28696057182186574,52,0,0
2839,73,0.28882112675469607,29,1,1
2757,95,0.6311265220646154,10,0,0
954,82,0.738473867979008,22,0,0
3839,111,0.8074249458094057,47,0,1
4605,64,0.890606818015188,17,0,0
3303,61,0.7716322707968711,46,0,0
2378,102,0.6903645385674125,8,0,0
4621,111,0.6411637068292443,8,0,0
1931,105,0.42799650452662485,57,0,0
785,114,0.18158912069810584,57,0,0
4414,119,0.5846370123859619,51,1,1
4751,86,0.4758491874583487,15,0,0
3704,65,0.7314082015256224,39,0,0
4815,96,0.9700177875544364,24,0,0
2399,112,0.731715065812909,51,0,0
1568,105,0.5250178931838299,37,0,0
4971,117,0.13586032104132584,28,1,1
4760,116,0.27151765222415075,49,0,0
4377,76,0.9524789408008693,22,0,0
783,63,0.5726991752768072,41,0,0
4903,66,0.43132778163908747,49,0,0
4153,84,0.31165509537558755,41,1,1
1818,85,0.4952341933769244,55,0,0
2380,63,0.8002458979938893,51,0,0
1130,115,0.5846017500257605,39,0,0
3000,87,0.33118438911465664,13,0,0
4889,115,0.9456362943662532,17,0,0
2339,91,0.7893875029321172,51,0,0
1998,93,0.9866043602553379,26,0,0
4165,63,0.9989036994540025,6,0,0
4641,105,0.6448390181217452,31,0,0
1160,93,0.4230354105778119,54,0,0
2864,103,0.9244056311340567,59,0,0
1587,66,0.21738186451534214,54,0,0
4014,85,0.32983346187100937,56,1,1
2198,67,0.2505573642457327,13,0,0
4006,106,0.9026536588939257,16,1,1
1333,92,0.24249602600258827,43,0,0
2923,80,0.18092591716599932,14,0,0
2495,112,0.24012271430915905,13,0,0
2893,81,0.5692045299299849,46,0,0
1941,101,0.9921032174788416,39,0,0
3305,83,0.794540593920474,28,0,0
3389,93,0.9705506571363295,52,1,1
646,116,0.46857312842672316,50,0,0
2992,100,0.853177592551333,41,0,1
588,94,0.13556450562687525,14,1,0
2795,77,0.8020441373576218,44,0,0
1116,63,0.11980486739015944,38,0,0
2516,76,0.7207854662051223,17,0,0
2598,77,0.4517951291748121,19,0,0
1362,92,0.6434252427679423,52,0,0
3224,88,0.1702693778673816,19,0,0
1330,94,0.9949875538912786,53,0,0
3267,109,0.42971324935341637,16,0,0
2772,63,0.8141865620453418,48,0,0
2568,94,0.78917261437787,25,0,0
2265,90,0.4390841755582111,41,0,0
1863,103,0.6238197321129956,11,0,0
3376,115,0.10944502137204866,51,1,1
4726,113,0.6316339480110809,49,1,1
2678,108,0.5650990874557692,59,0,0
1304,116,0.1763989116602372,53,0,0
624,73,0.595315975514872,20,0,0
2478,87,0.1749202684805372,6,0,0
4302,77,0.5531956794593833,44,0,0
4029,99,0.8309054409471544,25,0,0
1789,101,0.47498855374758164,9,1,1
4866,84,0.31397765905296543,20,0,0
855,100,0.8839509644345701,54,0,0
3295,94,0.32392131027057486,28,0,0
4225,64,0.7265310579719395,38,0,0
4044,71,0.8569040381159986,51,0,0
4672,69,0.12418990436426937,36,0,0
3007,67,0.8250457916494218,16,0,0
582,63,0.9757625691154123,25,0,0
512,76,0.5406791016949466,41,0,0
4614,60,0.5251311339114437,56,0,0
1610,91,0.8301134991012836,22,0,0
2215,99,0.17886370580688649,55,0,0
665,105,0.2529999099777473,36,0,0
929,95,0.9515278316420865,45,0,0
4381,114,0.263696556835622,44,0,0
2435,65,0.4984666174977942,19,1,1
3823,72,0.6084148452160405,25,0,0
4988,60,0.7185439651648882,12,0,0
2593,72,0.6431100994541938,40,0,0
2429,96,0.3739860502935036,56,0,0
3449,72,0.3633988591414551,49,0,0
3517,64,0.8133743023468026,28,0,0
1492,100,0.39016047618800276,31,0,0
1553,88,0.6937357908436289,54,0,0
1857,103,0.6039314048667894,34,0,0
3442,76,0.5483027517802566,9,0,0
1029,107,0.7379982496851674,58,0,0
776,117,0.14139442274581787,40,0,0
666,74,0.21113566071837175,43,0,0
4608,66,0.4360061262731523,33,0,0
740,62,0.4741520139005846,44,0,0
1241,67,0.813518163124751,51,0,0
3667,94,0.4645824210657761,32,0,0
1585,69,0.12186736963044813,57,0,0
4231,108,0.7628159449561273,29,0,0
3785,67,0.10338908678178238,31,0,0
2614,72,0.10606184705718484,18,0,0
4130,84,0.9649729808026295,32,0,0
2274,75,0.27042826984472557,38,0,0
661,110,0.6626411881628167,29,0,0
2818,108,0.1877983829626971,41,0,0
735,114,0.3162079789750039,48,0,0
4814,71,0.812791705869146,41,0,0
1959,88,0.18929173289898316,7,0,0
3544,119,0.6321958099297401,30,0,0
1996,90,0.7611728384628936,57,0,0
2458,99,0.9188162223491065,40,0,0
3514,110,0.9869734385069552,25,0,0
1512,97,0.5379602522212573,50,0,0
4670,83,0.391991937819826,8,0,0
4918,103,0.2508064249122088,46,0,0
4705,62,0.3196709452963509,42,0,0
3446,100,0.47762054864909365,40,0,0
2052,61,0.4272567415305296,43,0,0
4585,116,0.9973992818748197,6,0,0
824,102,0.5254722908042547,49,0,0
3758,86,0.1985117297780107,19,0,0
3491,89,0.10789117377968918,30,0,0
3479,105,0.1273434123616478,38,0,0
2561,61,0.9105554686844952,54,0,0
638,75,0.6420765833059293,23,0,0
4589,108,0.12168942267099252,37,0,0
3516,72,0.24764482422253095,8,1,1
2277,77,0.9755918066200241,17,0,0
4747,76,0.31027719865837355,29,0,0
1287,61,0.287991880931737,31,0,0
2647,61,0.4161503686686421,52,0,0
1897,68,0.3847863983180987,11,0,0
4708,104,0.8777730637266293,17,0,0
3871,68,0.467307910598868,9,0,0
2922,90,0.877123103653513,58,0,0
1970,76,0.8193622866280568,39,0,0
1941,90,0.23723560112313835,47,0,0
1067,80,0.20631487460331543,9,1,1
1181,84,0.9318610335356282,27,0,0
1245,108,0.7555552657041005,45,0,0
1070,105,0.19905392706131206,47,0,0
2307,82,0.7480039688532533,52,0,0
4082,72,0.799317301710423,39,0,0
3925,81,0.5535703664234259,43,0,0
4722,86,0.11254365435230558,23,1,1
1904,119,0.22532616135140385,34,0,0
2605,85,0.9163821789326888,38,0,0
3740,75,0.9513616459658312,11,0,0
1267,75,0.6349471673379662,33,0,0
4454,105,0.29380032016282254,15,0,0
3271,86,0.37294503845341975,39,0,0
625,60,0.7008453547770067,47,0,0
3073,79,0.9937622982531783,47,0,0
993,103,0.17699369573491858,35,0,0
939,85,0.6739678070822149,45,0,0
1067,94,0.48278527205731525,45,0,0
3380,64,0.17264399185248783,58,0,0
882,108,0.6812347400343514,39,0,0
1696,87,0.6589286698707917,46,0,0
651,64,0.8111301580035641,56,0,0
564,88,0.8328109546513061,55,0,0
2097,105,0.42497174191457077,58,0,0
2132,95,0.34106972315588824,32,0,0
4676,84,0.3755160115021141,22,0,0
2715,67,0.2771042107661591,12,0,0
3480,68,0.36059554374993086,51,0,0
1926,85,0.4728474799218373,58,1,1
945,92,0.7879677005968863,55,0,0
3559,100,0.33063438575021353,22,0,0
1052,98,0.8031829061437127,13,1,1
3658,62,0.16112967912262505,48,1,1
3015,105,0.2621835327561559,32,0,0
539,93,0.8294295123580475,13,1,1
1298,99,0.48148571636790216,35,0,0
777,117,0.5216442306340903,45,0,0
4322,65,0.8072407011784596,22,0,0
3096,82,0.11257623325716964,12,0,0
2856,64,0.9195359398079369,26,0,0
752,66,0.47672036398895234,22,0,0
919,70,0.11713642891979924,27,0,0
611,86,0.45578333332493115,45,0,0
3083,114,0.7884876509531475,11,0,0
4649,65,0.7953275000176554,18,0,0
4312,88,0.8923291577053045,27,1,1
3035,72,0.6069217574023332,59,1,1
1705,110,0.8660146846414439,15,0,0
4827,103,0.6594558506903744,29,0,0
1253,64,0.8670717682648901,48,0,0
2747,107,0.30684746983531996,15,0,0
4043,72,0.49976365228643316,8,0,0
1642,90,0.3228029535323083,33,0,0
887,66,0.20896006630255393,16,0,0
2702,109,0.46675591426671514,35,0,0
4028,74,0.9417341598254737,25,0,0
1972,99,0.9365813871091232,57,0,0
2102,65,0.5776003190802806,51,0,0
4955,115,0.5374967188351781,6,0,0
1529,95,0.15945040268518929,43,0,0
4324,110,0.3139601273083692,41,0,0
2303,102,0.6568997451330677,58,1,1
2074,100,0.7737223304378166,7,0,0
4954,87,0.8876410022390961,38,0,0
4212,101,0.12660620827816707,16,0,0
4324,61,0.9229746137848515,47,0,0
4336,62,0.8898934307372871,33,0,0
2931,72,0.9467887286803746,40,0,0
2302,88,0.3749875879705197,15,0,0
4147,101,0.22235991982986972,14,0,0
1104,75,0.6940952134143552,7,0,0
2410,62,0.8007606153550544,46,0,0
3333,88,0.1459101547102942,11,0,0
4241,107,0.7696384245950755,34,0,0
4431,108,0.5936147437052711,17,0,0
3301,103,0.5168872376795081,35,0,0
2823,66,0.2446217771612183,27,0,0
761,73,0.5114746208733271,8,0,0
999,115,0.5291543703524031,27,0,0
3151,97,0.10595424447395602,20,0,0
1305,118,0.8358694782162644,36,0,0
1851,80,0.3164384612484723,44,0,0
3275,88,0.8312272652228976,9,0,0
4216,82,0.8828495987819712,17,0,0
4625,99,0.33036257107904365,22,0,0
4974,62,0.11990704745806391,47,0,0
1990,75,0.5965694845627088,26,1,1
3031,60,0.44649633691271406,36,0,0
3694,66,0.13924790446417898,31,0,0
2770,67,0.7052885668869192,22,0,0
2962,102,0.392673784686834,29,0,0
784,119,0.5682923682583786,12,0,0
715,73,0.6789847864894291,47,0,0
4108,111,0.5162707356453969,44,0,0
3412,101,0.522847614858405,33,0,0
1751,79,0.1394171651963828,42,0,0
4258,114,0.7596147620549387,12,0,0
704,115,0.5909981711765779,56,0,0
3488,80,0.7753148791811504,57,1,1
3395,61,0.45824579287677736,58,0,0
4954,69,0.9553951665222462,40,0,0
3385,100,0.6437832708826237,12,1,0
3277,85,0.23900222558837145,46,0,0
3026,117,0.17915027673388875,24,0,0
2604,65,0.9266140676399157,53,0,0
4311,95,0.18074774952107642,53,0,0
3894,90,0.11244400026859634,31,0,0
706,75,0.6125612119791524,46,0,0
4431,77,0.46837441724900997,12,1,1
1429,103,0.8836502565730585,11,0,0
4153,108,0.6757695145831839,34,0,0
4779,110,0.4262182909791943,22,0,0
568,83,0.9925685742295622,37,0,0
1550,77,0.7187849186465027,21,0,0
608,75,0.3839913311665365,39,0,0
4959,114,0.20792250009231766,19,0,0
4365,74,0.1914504901673314,16,0,0
1373,78,0.8568239186644715,41,0,0
4225,79,0.8181988649377163,27,0,0
4088,94,0.6328515530887543,44,1,1
1379,110,0.6950860342120068,40,0,0
3417,107,0.46299001273434515,11,0,0
4043,87,0.48126555730213827,7,1,1
3698,117,0.8436678689434037,45,1,1
4979,117,0.8755631484354771,37,1,1
4384,82,0.22720891476678137,26,0,0
519,68,0.7996632404253169,57,0,0
3245,114,0.3281152848575357,22,0,0
4669,104,0.42808899080815455,14,0,0
2696,71,0.322393864655048,17,0,0
3222,69,0.2763863298559398,37,0,0
4810,72,0.5301170877250946,39,0,0
3284,94,0.13272491343859144,21,0,0
2959,108,0.7370034551771866,6,0,0
1544,79,0.6784970282715814,37,0,0
4809,82,0.5453445147346306,15,0,0
3685,102,0.6480622138558877,42,1,1
2841,73,0.9175661668622815,20,0,0
4771,82,0.2959935265648447,26,0,0
3358,90,0.750612291022947,54,0,0
3835,83,0.8970501594522553,23,0,0
1438,62,0.7988402098327868,56,0,0
1743,66,0.6749342958013019,44,0,0
3505,83,0.9285954094091742,52,0,0
4202,79,0.5613854446420353,32,0,0
1508,83,0.44988995136834287,10,1,1
2364,102,0.8683130071459796,53,1,1
4335,89,0.39667743825501156,11,0,0
2472,84,0.23633454374845064,44,0,0
2130,90,0.7423879296075,57,0,0
1705,67,0.5014668636362729,20,1,0
611,65,0.5052469379536985,32,0,0
4564,87,0.9654063005601003,37,0,0
1220,107,0.2837616985519751,28,0,0
3845,113,0.6589623825752144,57,1,1
2216,99,0.6950030501849364,6,0,0
2785,80,0.6474392316127118,15,0,0
606,117,0.2548529475164479,21,0,0
2618,83,0.329198667789231,33,0,0
2487,92,0.953177399374367,41,0,0
2848,110,0.17158324160322708,24,0,0
3470,80,0.992619818024257,41,0,0
4207,100,0.4984193924517166,34,0,0
1592,68,0.9180598812035563,49,0,0
1711,87,0.24443671033261852,27,0,0
827,107,0.6545041819266563,27,0,0
809,115,0.4571375411357814,20,1,0
752,83,0.39828999354854266,23,0,0
4762,94,0.12513746561425926,56,0,0
1716,114,0.3350886698457878,17,0,0
3449,105,0.5076061954395779,15,0,0
3019,88,0.3350708130374243,14,0,0
983,64,0.8671039032195135,24,0,0
615,86,0.8624423694346524,18,1,1
2666,65,0.8366094107791502,37,0,0
4312,119,0.46402830872690193,21,0,0
4484,108,0.6901422091830628,14,0,0
2157,96,0.674227010473339,53,0,0
1873,73,0.7057162362310665,13,0,0
1262,105,0.1553866516819825,23,0,0
1668,72,0.5017523861948621,22,1,0
3836,80,0.5447485049952837,20,1,1
749,69,0.7683521536118393,48,0,0
1106,86,0.3090777294621159,38,0,0
2007,60,0.5288544884783176,53,0,0
4226,112,0.8868963324984022,17,0,0
3918,107,0.34819126481644624,33,0,0
1114,60,0.4920354721857043,16,0,0
3645,76,0.29310178296405,12,0,0
3617,116,0.9862484921759662,33,0,0
4638,70,0.8728290810321753,13,0,0
3856,94,0.10639480863939788,47,0,0
4055,64,0.11519092066007787,54,0,0
3985,113,0.11296966465065215,36,1,0
2019,107,0.8250827782591009,24,0,0
1100,69,0.2198952395585274,20,0,0
2243,82,0.23801292449274564,19,0,0
3534,106,0.44692550690359834,42,1,1
1184,88,0.22182770479665032,16,0,0
3869,64,0.6490508743560912,52,0,0
2419,115,0.7669800131213839,22,0,0
2793,70,0.7214412919868708,51,1,0
1418,63,0.6551953569524882,56,0,0
846,98,0.4080416771843385,7,0,0
2414,85,0.7381502289180082,23,0,0
1080,102,0.43885946325729586,23,0,0
1020,84,0.9239232694887323,35,0,0
1360,78,0.714437377245044,11,0,0
2138,62,0.23551495276114837,20,0,0
3325,119,0.39658570025309503,28,0,0
1529,91,0.2587194120694609,34,0,0
3286,107,0.2165494515543983,51,0,0
3948,117,0.6633943683072622,51,1,1
3192,89,0.5907722172887092,41,0,0
2865,63,0.5250007425838533,27,0,0
954,111,0.2382502664103554,8,0,0
1335,67,0.38714560285236865,10,0,0
1480,80,0.9932844987280391,9,0,0
1687,76,0.39286783890850774,14,0,0
2898,102,0.9445560701913551,48,0,0
3545,66,0.7988872933858203,17,0,0
1815,92,0.5647205380901501,50,0,0
691,67,0.959120562949397,45,0,0
1183,86,0.5881729295514971,45,0,0
1074,95,0.36467926226273195,18,0,0
4487,99,0.2900659903099471,35,0,0
2476,78,0.6176187048309026,54,0,0
2192,90,0.6948629257372964,28,0,0
1704,99,0.54856302062748,20,0,0
4480,115,0.6999446259926462,43,1,1
4026,78,0.7852077004890979,50,0,0
4458,116,0.33917842490177685,47,0,0
2026,70,0.35867935259327666,49,0,0
833,93,0.33192961761905965,11,0,0
3989,72,0.635212219298121,21,0,0
1802,88,0.531541884706474,40,0,0
4842,113,0.4850600671480556,27,0,0
4133,117,0.6225728125074291,12,0,0
4108,84,0.2986332770414025,39,0,0
4083,92,0.1159611317039393,55,0,0
4544,116,0.2844715054654377,48,0,0
3681,117,0.6217918803159714,38,1,1
1275,74,0.8365432947642435,49,0,0
864,91,0.6798639220530559,19,0,0
3176,76,0.3603507533828756,13,0,0
3040,69,0.26179721387596255,13,1,1
2326,105,0.6097239950722306,50,0,0
2991,109,0.847320156894987,11,0,0
1259,100,0.8023105246495951,27,0,0
1677,96,0.12785131706438355,41,1,1
2216,95,0.26277044457157916,59,1,1
1215,89,0.7253852987006822,25,1,1
3036,85,0.8130058926950027,20,0,0
759,79,0.7439746495840726,6,0,0
1803,66,0.29234034986225615,38,0,0
1426,104,0.2850962474642218,31,1,1
2484,85,0.536973059234178,40,0,0
3811,80,0.782208118550798,40,0,0
4046,80,0.5194547960360449,35,0,0
4856,91,0.7440696802385224,27,0,0
3531,118,0.8869525380689203,55,1,1
2022,86,0.24727030866197985,57,0,0
2069,66,0.23090423049988495,28,0,0
2155,83,0.544600023886611,12,0,0
1345,63,0.7486086360364721,59,0,0
4852,98,0.11702786092188643,31,1,1
3562,105,0.7564250969399593,7,0,0
1378,65,0.8265644384449878,40,0,0
3118,86,0.8727807226764014,44,1,1
4790,119,0.5094371556995685,23,0,0
4445,84,0.7190511675679525,25,0,0
4139,113,0.42173546078595436,16,0,0
1292,68,0.13105925500159457,44,0,0
1110,118,0.9313148575153326,40,0,0
1993,90,0.6908236274350792,31,0,0
1859,110,0.8826034436151842,57,0,0
3978,114,0.8289621421255177,38,1,1
3183,108,0.4619850416915028,47,0,0
4662,91,0.7803909379988136,38,1,1
2671,107,0.4305950716068062,11,0,0
1966,64,0.5420474620599898,50,1,0
1867,78,0.18247907784244677,12,0,0
2196,119,0.4471805390054875,56,0,0
3840,70,0.9658690390507866,37,0,0
3771,81,0.8130083186943133,13,0,0
3481,106,0.6220414231257616,43,1,1
3806,71,0.3869110477024651,34,0,0
4355,115,0.5919248525634281,11,0,0
2297,78,0.4009762903833264,55,0,0
1930,74,0.5902351343606232,40,0,0
554,104,0.4815340456423154,18,1,1
557,69,0.4307299122449013,19,0,0
2583,98,0.20947613847418162,23,0,0
3918,117,0.48277521236648135,27,0,0
3022,98,0.9151596562317048,40,1,1
2822,60,0.3478479352903617,49,0,0
1756,107,0.8401319993439099,7,0,0
2548,67,0.8958305907393939,31,1,1
3417,71,0.1504319267762628,41,0,0
3675,94,0.13840874290862346,16,0,0
4290,105,0.7442030845907764,6,0,0
2912,90,0.42561820868944444,34,0,0
3611,108,0.5812692898024748,6,0,0
2476,75,0.6501523552718239,20,1,1
4370,91,0.3086323239980755,46,0,0
4028,95,0.777867061032599,6,0,0
3389,113,0.9850963044064586,48,1,1
2978,92,0.9444380331661988,18,1,1
1159,81,0.12340513930292235,45,0,0
865,101,0.4304165232963676,25,0,0
1706,91,0.6197399641442077,24,0,0
965,82,0.5425779629123446,26,0,0
3126,66,0.9032535275862127,18,0,0
4508,108,0.20870810294253084,39,0,0
1313,90,0.9223624763703018,58,0,0
4954,86,0.4696285571231473,22,0,0
1554,107,0.38037709204169146,48,0,0
4077,78,0.4633946014614383,51,0,0
1698,93,0.1916312215057781,16,0,0
1151,97,0.8168159285424422,49,0,0
2625,114,0.26167375560854883,49,1,1
1764,99,0.1287680618320605,13,0,0
1834,60,0.7963348389106892,43,0,0
1288,86,0.3475341933185615,16,0,0
1042,97,0.3983752099329195,28,0,0
4372,104,0.3401276341933278,19,0,0
3096,108,0.8630053016539314,11,0,0
3785,97,0.11384256409233501,14,0,0
843,62,0.7163943396498527,29,0,0
3281,87,0.7155561383802277,30,1,1
1391,103,0.3431067025362843,50,0,0
1327,112,0.43635435739076933,51,0,0
4472,65,0.47451268477569386,39,0,0
958,81,0.4379519820944364,50,0,0
3040,95,0.7376997302236046,43,1,1
1619,116,0.9428639116654743,50,0,0
3695,77,0.7436120273673036,33,0,0
2551,85,0.4484354634793466,16,0,0
2935,66,0.9493025782287777,11,0,0
4468,109,0.42330774844738284,57,0,0
2501,81,0.6269067653669469,45,0,0
2621,78,0.8347024249387629,50,0,0
4196,63,0.2884326391736226,12,0,0
3734,62,0.16805940237908867,58,0,0
913,106,0.20988218770142794,52,0,0
3514,81,0.8197376360792717,12,0,0
1741,119,0.23233075417252685,9,0,0
2620,101,0.3819463214175084,55,0,0
1595,109,0.7238807813725808,21,0,0
4292,99,0.9573889282033703,41,1,1
2493,72,0.6380916326667517,38,0,0
2338,95,0.4979038505764033,54,0,0
4881,86,0.5225991386064446,40,1,1
4841,68,0.6162464237356252,39,0,0
2113,89,0.19773790124823787,26,0,0
4900,105,0.7346064952637612,57,1,1
2047,108,0.40872547159561434,9,0,0
2588,78,0.7669903598501142,22,0,0
1379,98,0.7596152135731256,41,1,1
4894,97,0.6585295420179429,44,1,1
1302,86,0.7961784120930959,38,0,0
4287,64,0.24674542274838163,11,0,0
3501,109,0.7746161907998584,52,1,1
3667,81,0.35009001607329804,56,1,1
4486,106,0.2861588673057436,6,0,0
4824,96,0.6839187380087767,52,1,1
2020,100,0.6050786654914245,58,0,0
4327,107,0.8232573910314515,59,1,1
805,72,0.31532075672241944,10,0,0
4578,99,0.1769199857777053,37,1,0
1601,70,0.6403794157270593,49,0,0
2499,108,0.7104850470638711,17,0,0
2929,102,0.3394083350553996,16,0,0
4729,99,0.23898013196047668,13,0,0
4489,90,0.519102514853698,25,0,0
1362,74,0.5582905066617426,58,0,0
1833,112,0.5919621242624659,59,0,0
1735,65,0.5886240106153645,48,0,0
3973,78,0.27727962617740426,59,0,0
4553,107,0.5136740272196904,59,0,0
2806,79,0.23456743362546223,9,0,0
4089,71,0.8506751967081403,16,0,0
546,83,0.9305620076625637,59,1,0
808,101,0.7211919566207048,26,0,0
4168,94,0.20812172253949685,41,0,0
2774,112,0.8505328069000976,59,0,0
1483,84,0.35938117965401895,57,0,0
4291,109,0.2954548198544782,36,0,0
4699,118,0.8083895988183643,49,1,1
2631,70,0.8214378711239064,35,0,0
2464,103,0.11263993480851027,17,0,0
4853,107,0.6640401566385659,48,1,1
4030,94,0.3716060706778571,21,0,0
3523,76,0.6503322616720995,58,0,0
2014,69,0.49386921527225025,12,0,0
2341,119,0.6553669025142274,9,0,0
3793,118,0.6190400152719813,55,0,1
3630,108,0.8808818391414354,28,0,0
1378,87,0.2164924886191537,46,0,0
4458,102,0.31551624150135466,57,0,0
3086,70,0.30273211780360787,53,0,0
4734,97,0.3955607949862243,13,0,0
3008,78,0.7108332095435765,9,0,0
3765,117,0.27410551407676287,36,0,0
4305,115,0.622094189340051,42,1,1
1929,91,0.6862717547333289,36,0,0
3285,100,0.7227116594718053,26,0,0
3404,61,0.14245447993103788,40,0,0
880,119,0.45926190906583564,22,0,0
4055,102,0.12416967976376314,34,0,0
3877,104,0.9523205205613415,26,0,0
1629,64,0.49135275485861174,20,1,0
4192,89,0.6962129500543411,51,1,1
4626,69,0.2500026155631912,55,0,0
3388,112,0.6215747416964543,25,0,0
1862,63,0.25771493596749706,15,0,0
3077,119,0.7728751021705214,25,0,0
1123,60,0.5149091066610451,17,0,0
2151,105,0.9116710244530006,6,1,1
4879,72,0.8290182240372076,31,0,0
2031,93,0.8323782223226552,10,0,0
2398,75,0.17609873201143722,13,0,0
4049,83,0.685879782222588,17,0,0
1330,82,0.6349955437515096,47,0,0
1802,85,0.33821416897235057,51,0,0
2703,75,0.564433963179493,25,0,0
4484,102,0.5248553849243959,38,0,0
1130,110,0.5993820322819068,31,0,0
1998,67,0.4595004445804236,53,0,0
975,85,0.7925899168281918,36,0,0
1920,88,0.35419543120773667,36,1,1
3436,90,0.8371321967758212,41,1,1
4754,110,0.877090637897754,42,0,1
4774,80,0.8178818915357934,6,0,0
2416,104,0.3145661430523194,51,0,0
4136,94,0.7608360927460723,50,1,1
3460,73,0.563584839048125,34,0,0
3290,103,0.696983646558851,38,1,1
4266,83,0.4530552599068898,22,1,1
4749,105,0.11323078229625212,34,0,0
3114,77,0.9667540408630036,48,0,0
3460,62,0.7322971466084303,19,0,0
3872,91,0.3604630204118544,23,0,0
4589,109,0.997242874064979,15,0,0
2811,74,0.5926684029187385,56,0,0
715,106,0.6246120022412311,28,0,0
1727,118,0.5997398469057804,17,0,0
4726,72,0.2182691335902603,46,0,0
4697,67,0.6657659463483262,27,0,0
1138,64,0.8778456516540977,25,0,0
1736,116,0.9721594134289141,41,0,0
4033,119,0.3319990884373694,43,0,0
4653,77,0.3801450338912098,43,0,0
3920,109,0.6981765116724492,30,0,0
4148,72,0.4809214129314211,14,0,0
2385,99,0.6609128322681923,47,1,1
1380,115,0.3364119504452575,27,0,0
3131,78,0.27778594600129175,56,0,0
3790,81,0.6450149961244757,27,0,0
4260,76,0.8709181559351512,36,0,0
2526,104,0.4088077109959577,58,0,0
807,89,0.22897131719500866,32,0,0
2019,103,0.4920980843330157,29,0,0
2050,89,0.2759682999940805,9,0,0
2111,85,0.8272727629406973,36,0,0
953,92,0.8389948532572093,27,0,0
3056,112,0.29464723905609036,19,0,0
2239,89,0.6203011378814571,10,0,0
2187,96,0.38795038128131987,21,0,0
3622,93,0.6890846599289633,28,0,0
2752,71,0.23572028123172994,17,0,0
2871,92,0.7363694742733567,33,0,0
3052,76,0.2833673600532224,51,0,0
2745,118,0.5128096776466247,11,0,0
4396,118,0.3808149669063181,19,0,0
4793,99,0.5960674984660812,58,0,0
1452,72,0.5751528099623874,17,0,0
2981,94,0.17569156773874478,22,1,1
4705,109,0.28862095623224737,11,0,0
4403,72,0.1122934030622321,29,0,0
4496,90,0.8181641889630735,51,0,0
3533,89,0.19824762258051432,49,0,0
3878,61,0.5798652752539706,24,0,0
777,88,0.7333725932190829,19,0,0
2452,84,0.7918695696148783,53,0,0
4199,98,0.7482135625167815,13,1,0
2644,110,0.6886342319940821,27,0,0
3616,60,0.6574206710483118,49,0,0
2179,109,0.6800071761840458,34,0,0
2721,104,0.20699407601926578,31,0,0
956,63,0.49515558432527984,30,0,0
628,110,0.39447588095070696,32,0,0
4785,96,0.957396547109606,14,0,0
3228,97,0.34505927392120433,15,0,0
2453,111,0.7572911486178754,42,0,0
2101,78,0.6921045358442044,15,1,1
1239,63,0.4556471111552193,55,1,1
3105,97,0.7184984115248644,11,0,0
4398,87,0.8528256427810827,46,1,1
4937,100,0.16982880386416477,30,1,1
2623,109,0.9960131076913046,31,0,0
3657,117,0.25830527736952624,12,0,0
1196,90,0.6240854050230349,20,0,0
4072,75,0.38818286945384806,50,0,0
1598,114,0.40350072189352526,45,0,0
4579,105,0.7857106583626731,54,1,1
3515,115,0.5715274996880398,54,0,0
836,79,0.43582699599314845,51,0,0
2361,70,0.3043942247735645,33,0,0
4930,118,0.38596210124382513,7,0,0
2232,64,0.5050323152068373,59,0,0
625,116,0.4580787276669984,56,0,0
1576,114,0.8501435872764997,28,0,0
702,77,0.8875871278973397,59,0,0
2017,74,0.10977968603275633,39,1,1
858,116,0.3451739277678031,16,1,0
1388,96,0.8936322392601875,14,0,0
3623,61,0.7800515106484714,28,0,0
4012,102,0.44168878992213223,23,0,0
4495,72,0.7304616112209349,43,0,0
1452,101,0.24919799118164937,50,0,0
3625,93,0.6698000821596348,34,0,0
4024,107,0.9286769598498201,9,0,0
3572,69,0.19052517077051817,59,0,0
2209,77,0.6635332037432026,19,0,0
1185,63,0.8102873394980197,12,0,0
4246,87,0.13176676380994748,47,0,0
1722,69,0.2844938989200775,36,0,0
2510,81,0.48568305379266985,51,0,0
944,100,0.4301400384571544,45,0,0
3186,69,0.6791924978093886,26,0,0
3643,70,0.8561534834345315,44,0,0
1395,107,0.15059479583400404,38,0,0
4028,73,0.801656193868287,57,1,1
1965,119,0.48826234420671133,56,0,0
1491,103,0.292586372274971,55,0,0
1195,63,0.9008972511172498,18,0,0
711,86,0.30453329808345964,12,0,0
4773,64,0.417093814368669,56,0,0
1435,109,0.617547864751882,9,0,0
3674,107,0.9424758234578486,39,1,1
2371,74,0.9767755765411242,16,0,0
1343,76,0.984804269859327,39,0,0
2267,60,0.4426624338018851,11,0,0
3977,92,0.14670165090904147,11,0,0
3723,104,0.7476337257238009,43,1,1
806,64,0.4227633148812854,54,0,0
3607,63,0.7479860308769796,7,0,0
3601,80,0.5001208010704172,51,0,0
555,105,0.5084639117055506,26,0,0
2396,107,0.16477622944270093,42,0,0
1874,96,0.46905564828305746,43,0,0
2498,87,0.5254680349066915,33,0,0
3781,81,0.6582645369948222,40,0,0
2360,118,0.38394684814167823,59,0,0
2014,84,0.7080207636729604,53,0,0
660,63,0.17158775300231688,46,0,0
960,88,0.41558827535541043,59,0,0
3206,97,0.5105764363225986,43,0,0
4683,115,0.2730859474600001,45,0,0
3539,62,0.7705296943976713,36,0,0
3226,84,0.6915582676733482,31,0,0
1544,113,0.8549205263433739,51,1,1
3751,98,0.7789922633561159,24,0,0
4786,61,0.8362005730220717,40,0,0
585,101,0.963497862524312,14,0,0
4385,79,0.1815589269198999,42,0,0
1180,79,0.1391015128108049,28,0,0
2303,69,0.14002867959445656,15,0,0
3863,82,0.5644143001716524,40,0,0
660,78,0.31763900627791686,47,0,0
2637,103,0.13138800752043767,37,0,0
2759,72,0.9790134999512772,31,1,1
717,107,0.3957634441044643,24,0,0
960,103,0.18371540435061745,6,0,0
2502,98,0.35143318136463597,16,0,0
752,113,0.20174195581372503,53,0,0
2974,69,0.3537588514453416,24,0,0
940,64,0.5150105899498091,50,0,0
2317,97,0.7492265024524072,55,0,0
1610,78,0.37486606965170144,11,0,0
743,86,0.8733887636097025,45,0,0
1237,111,0.889905670812551,45,0,0
4960,104,0.34045757417588907,50,1,1
3763,64,0.33791648097098725,20,0,0
1117,118,0.7886251383379085,34,0,0
3468,100,0.7135470791495103,56,1,1
3769,68,0.36517312791210255,55,0,0
2181,68,0.46195720529273354,22,0,0
4729,117,0.20389611008136843,17,0,0
2497,88,0.13752326169854495,39,0,0
3784,111,0.8173452977390513,8,0,0
3444,73,0.7699184722776328,49,0,0
928,71,0.1281321737808174,29,0,0
525,63,0.6768598353487548,11,1,1
1047,115,0.2940477378318458,9,0,0
2883,119,0.4282807584779237,38,1,1
4236,70,0.40579507678545435,30,0,0
4311,102,0.3955566736573045,39,0,0
3843,80,0.652647793076428,11,0,0
3552,78,0.887128967707489,12,0,0
620,67,0.5610573821137032,59,0,0
1727,65,0.5492592489212936,19,0,0
760,65,0.5437527934779924,56,0,0
3905,81,0.8927112498166048,44,0,0
2431,111,0.6395686606398128,23,0,0
1593,81,0.49867839986765494,23,0,0
3760,75,0.3020206425612905,49,0,0
4785,94,0.8701353702679873,58,1,1
2383,111,0.9689788682265844,21,1,1
1166,97,0.7101338066355446,37,0,0
3321,76,0.23152346931477147,54,0,0
1399,118,0.4206962898252471,58,0,0
4786,65,0.5180500642379827,57,0,0
2042,116,0.2413940475532307,22,0,0
3863,97,0.10721494092920016,45,0,0
1214,63,0.8773544220084072,53,0,0
2840,79,0.8891169344294598,48,0,0
1983,83,0.23730793689522195,35,0,0
3617,112,0.7514192725992167,47,1,1
3818,93,0.1209201905589287,43,0,0
2166,103,0.9462083148060211,41,0,0
4712,100,0.41006523928479255,30,0,0
859,79,0.6276223186234916,21,0,0
3847,82,0.7340526372821385,43,0,0
4597,105,0.4853470583628192,7,0,0
4783,88,0.4189246066788552,23,0,0
2433,112,0.9520655307567324,33,0,0
959,99,0.5534344893457123,59,0,0
4042,89,0.5544646685576539,50,0,0
1512,89,0.8016100218397352,7,0,0
4838,101,0.6688882534022771,40,0,0
4158,89,0.9733700476756048,41,0,0
3593,96,0.9028994390066052,17,0,0
3251,102,0.5342241535241439,53,0,0
4146,110,0.702244152182304,39,1,1
2852,108,0.6932349384087361,29,0,0
1828,116,0.9615396199218513,36,0,0
3602,63,0.30741996138873906,46,0,0
4052,71,0.9421524692473793,36,0,0
1774,116,0.7560388965482681,45,0,0
3032,75,0.982635560427505,13,0,0
4618,105,0.3716388888717257,9,0,0
2075,84,0.28056424217185316,37,0,0
2851,78,0.41420193051525933,33,0,0
1004,61,0.8044189904199183,6,0,0
908,71,0.812188901030281,55,0,0
1987,113,0.5195555134895363,25,0,0
746,92,0.3121565189672749,10,0,0
714,60,0.6193541684640367,24,0,0
631,96,0.4205082977532816,50,0,0
3118,102,0.743708962913713,21,0,0
2051,71,0.6803569858407235,48,0,0
1402,83,0.5157747545855519,52,0,0
3594,61,0.1347580206355143,15,0,0
2790,63,0.3737423004357593,13,0,0
4364,79,0.9899122965760488,44,0,0
2467,78,0.25049479849059253,56,0,0
3033,110,0.5133272284219225,33,0,0
2482,89,0.1943582256810607,30,1,1
1721,89,0.6203220583646287,39,0,0
3170,67,0.1554860521263953,24,0,0
3877,104,0.3512885733727221,33,0,0
889,106,0.9365621041405253,18,0,0
4344,77,0.80887213960226,39,0,0
4763,112,0.9236773950231245,9,0,0
4225,60,0.6811026689650016,48,1,1
875,102,0.36613937894250936,20,0,0
1385,118,0.8493640409636961,15,1,0
3520,105,0.7511494852635964,51,1,1
4131,85,0.65357969666931,35,0,0
2877,72,0.32427497643431796,32,1,1
3819,90,0.14545426307657944,58,0,0
2502,110,0.9326669910352382,8,0,0
1326,98,0.24202511098362608,59,0,0
2204,98,0.8871303089597813,54,0,0
1964,110,0.36601808450758344,18,0,0
2399,93,0.47810903673534677,54,1,1
4154,111,0.26428605286744505,29,0,0
949,70,0.30558020099722066,11,0,0
4178,97,0.14308934900460393,53,0,0
4760,117,0.659963550759937,43,1,1
2553,93,0.5466499326504872,19,0,0
4144,118,0.34090867394329616,57,0,0
3085,104,0.12141155829309064,47,0,0
1759,118,0.2328468177832654,56,0,0
2112,99,0.9740557705005153,39,0,0
869,95,0.4331294173743543,7,0,0
709,85,0.22611553855655772,48,0,0
2824,103,0.26727563488404615,18,1,1
1342,101,0.3995114641346219,11,0,0
3446,107,0.4838964426554072,14,0,0
2347,81,0.8807924335169478,45,0,0
4292,68,0.42597750902094167,43,0,0
1686,81,0.5029047854519103,28,0,0
541,96,0.3901341711173073,24,0,1
4377,105,0.33768584217477426,45,0,0
1930,64,0.36592953935634953,6,0,0
2574,74,0.30055001596099634,56,0,0
3983,111,0.1600455029454316,34,1,0
3816,62,0.7745701951719011,35,0,0
1357,100,0.6997254045427815,20,0,0
1639,110,0.7909567981488705,22,0,0
4236,94,0.7103495678827334,46,1,1
2873,63,0.573523091004588,48,0,0
4074,71,0.5676652580306102,34,0,0
524,64,0.2212197062729525,24,0,0
984,99,0.8501397249122439,20,0,0
2147,85,0.4887523452324657,46,0,0
3866,60,0.7855629204411645,59,0,0
1427,91,0.129050525943009,22,0,0
4255,69,0.35060810438281664,50,0,0
3465,98,0.21305206252347242,51,1,1
3924,73,0.9069652458085924,51,0,0
945,78,0.618482407326356,50,0,0
2169,119,0.41233053154856836,45,0,0
2847,106,0.8284464525792056,38,0,0
2274,85,0.5644518709551385,9,0,0
1809,87,0.949128236245739,47,0,0
4231,71,0.2931587637257218,14,0,0
2863,78,0.37917468385141695,55,0,0
2668,70,0.4379618819411216,22,0,0
4450,81,0.8143897360960872,51,0,0
4396,94,0.3956391529822503,28,0,0
1066,92,0.7888863485798324,40,0,0
2585,96,0.707055186711068,16,0,0
2667,101,0.48731239059981735,17,0,0
4655,66,0.1241131670185281,51,0,0
4064,69,0.1352668672022925,41,0,0
964,99,0.3237200487366242,9,0,0
1089,98,0.22680824841145253,46,0,0
2672,118,0.3331297013069673,24,0,0
1211,79,0.9144618102942309,53,0,0
1990,82,0.4499311010102255,45,0,0
3104,105,0.524644241867073,45,0,0
2473,115,0.898071536179325,23,0,0
2387,69,0.6775929638924573,12,0,0
2468,115,0.37822704525284756,40,0,0
2847,101,0.9546161563970567,35,0,0
3087,70,0.14267712908823013,48,0,0
3871,119,0.3236593273193653,42,0,0
2923,90,0.7302534472757687,16,0,0
1691,67,0.540380976371887,56,0,0
1712,102,0.962718573053617,6,0,0
4129,99,0.2800853763715412,19,0,0
963,68,0.6678328208286866,36,1,0
3877,102,0.18930104653509416,24,0,0
1664,118,0.5427865427602733,39,0,0
2507,108,0.8846926401745473,25,0,0
2032,75,0.744832680735756,16,0,0
1606,77,0.9632065257601549,45,0,0
3333,110,0.12262389533015494,47,1,0
1229,102,0.36177939082341903,54,0,0
4036,102,0.8254693553879984,15,0,0
4098,76,0.1748637616342591,35,0,0
1956,107,0.6624667420416807,7,0,0
3997,105,0.6297089904099503,22,1,1
3574,70,0.8972590296669959,55,0,0
3942,102,0.884692038295353,12,0,0
2449,73,0.8099225698859691,53,0,0
3204,65,0.3793431032018777,42,0,0
4208,112,0.990852906131341,8,1,1
4247,119,0.5338430815619863,16,0,0
2401,72,0.5578666073849644,19,0,0
4223,84,0.7832705791670156,30,0,0
3530,86,0.6024795739238771,19,0,0
802,69,0.9396401620136872,41,0,0
4109,65,0.668153301416101,23,0,0
4866,60,0.407812238546406,39,0,0
802,62,0.9341440989505155,35,0,0
1901,74,0.518767754900746,24,0,0
1179,94,0.9447107178824726,48,0,0
3330,63,0.38959777547743824,55,0,0
4634,75,0.9409303087529437,6,0,0
3961,117,0.7541040720014756,48,1,1
4029,66,0.2920105426610624,37,0,0
2702,109,0.31991838958637264,54,1,1
4452,82,0.8211283781982276,36,0,0
2963,64,0.10901401491269808,48,0,0
3950,81,0.8094638675121398,59,0,0
4590,105,0.5340866029051833,15,0,0
4233,77,0.453423916516315,56,0,0
2400,63,0.9720006154118731,55,0,0
4687,74,0.7937904260234706,7,0,0
1360,107,0.6244582120384694,12,0,0
4389,103,0.7752835621480046,56,1,1
2846,114,0.6919331871402813,58,0,0
1702,68,0.3933642695776809,28,0,0
2684,86,0.4819246595032083,16,0,0
1647,77,0.3382303918167408,15,0,0
3102,118,0.5265839858642755,38,0,0
4613,70,0.8079163378530693,26,0,0
1895,81,0.6860625438718954,47,0,0
3877,118,0.36002961101706876,12,0,0
1366,117,0.9500499195847085,20,0,0
1110,103,0.6149917915982084,22,0,0
4770,99,0.6987241594720384,6,0,0
3548,110,0.599343797272217,7,0,0
3611,97,0.274907750501534,26,1,1
1094,68,0.3435101351986841,17,0,0
4009,97,0.5325655774657442,50,0,0
3849,94,0.9018949588848827,12,0,0
3556,97,0.10395969147240419,16,1,1
1770,101,0.7544393365475155,14,0,0
4451,97,0.980553006073877,16,0,0
3905,111,0.6374543320892607,30,0,0
1137,86,0.6247630947185165,30,0,0
1589,108,0.19491155942394056,33,0,0
2980,69,0.11334586688232362,10,0,0
4092,85,0.5624046587118079,53,1,1
3450,70,0.30660159144061366,8,0,0
3812,118,0.7043321878723615,33,1,1
3090,73,0.9232576632115799,14,0,0
4078,104,0.8883701915033876,40,1,1
4052,97,0.5574653701534319,9,0,0
